run,time,x0,x1,x2,x3,x4,x5,x6,x7,x8,x9,x10,x11,x12,x13,x14,x15,x16,x17,x18,x19,x20,x21,x22,label,horizon
0,0,3.0,0.0,2.0,1.0,6.0,5.0,1.0,0.0,8.0,1.0,0.0,6.0,0.0,0.0,6.0,3.0,0.0,7.0,1.0,0.0,7.0,2.0,0.0,1,3
0,1,3.0,0.0,2.0,1.0,6.0,5.0,1.0,0.0,8.0,1.0,0.0,6.0,0.0,0.0,6.0,3.0,0.0,7.0,1.0,0.0,7.0,2.0,0.0,1,3
0,2,3.0,0.0,2.0,1.0,6.0,5.0,1.0,0.0,8.0,1.0,0.0,6.0,0.0,0.0,6.0,3.0,0.0,7.0,1.0,0.0,7.0,2.0,0.0,1,3
0,3,3.0,0.0,2.0,1.0,6.0,5.0,1.0,0.0,8.0,1.0,0.0,6.0,0.0,0.0,6.0,3.0,0.0,7.0,1.0,0.0,7.0,2.0,0.0,1,3
0,4,3.0,0.0,2.0,1.0,6.0,5.0,1.0,0.0,8.0,1.0,0.0,6.0,0.0,0.0,6.0,3.0,0.0,7.0,1.0,0.0,7.0,2.0,0.0,1,3
0,5,3.0,0.0,2.0,1.0,6.0,5.0,1.0,0.0,8.0,1.0,0.0,6.0,0.0,0.0,6.0,3.0,0.0,7.0,1.0,0.0,7.0,2.0,0.0,1,3
0,6,2.0,0.0,1.0,1.0,6.0,5.0,1.0,0.0,8.0,1.0,0.0,6.0,0.0,0.0,6.0,3.0,0.0,6.0,2.0,0.0,7.0,2.0,0.0,1,3
0,7,2.0,0.0,1.0,1.0,6.0,5.0,1.0,0.0,8.0,1.0,0.0,6.0,0.0,0.0,6.0,3.0,0.0,6.0,2.0,0.0,7.0,2.0,0.0,1,3
0,8,2.0,0.0,1.0,1.0,6.0,5.0,1.0,0.0,8.0,1.0,0.0,6.0,0.0,0.0,6.0,3.0,0.0,6.0,2.0,0.0,7.0,2.0,0.0,1,3
0,9,2.0,0.0,1.0,1.0,6.0,5.0,1.0,0.0,8.0,1.0,0.0,6.0,0.0,0.0,6.0,3.0,0.0,6.0,2.0,0.0,7.0,2.0,0.0,1,3
0,10,2.0,0.0,1.0,1.0,6.0,5.0,1.0,0.0,8.0,1.0,0.0,6.0,0.0,0.0,6.0,3.0,0.0,6.0,2.0,0.0,7.0,2.0,0.0,1,3
0,11,2.0,0.0,1.0,1.0,6.0,5.0,1.0,0.0,8.0,1.0,0.0,6.0,0.0,0.0,6.0,3.0,0.0,6.0,2.0,0.0,7.0,2.0,0.0,1,3
1,0,10.0,4.0,6.0,0.0,6.0,8.0,0.0,0.0,6.0,3.0,0.0,12.0,3.0,0.0,8.0,3.0,0.0,6.0,2.0,0.0,6.0,2.0,0.0,0,3
1,1,10.0,4.0,6.0,0.0,6.0,8.0,0.0,0.0,6.0,3.0,0.0,12.0,3.0,0.0,8.0,3.0,0.0,6.0,2.0,0.0,6.0,2.0,0.0,0,3
1,2,8.0,3.0,5.0,0.0,6.0,8.0,0.0,0.0,6.0,3.0,0.0,12.0,3.0,0.0,8.0,3.0,0.0,4.0,4.0,0.0,6.0,2.0,0.0,0,3
1,3,5.0,1.0,4.0,0.0,6.0,8.0,0.0,0.0,6.0,3.0,0.0,9.0,6.0,0.0,8.0,3.0,0.0,4.0,4.0,0.0,6.0,2.0,0.0,0,3
1,4,4.0,1.0,3.0,0.0,6.0,8.0,0.0,0.0,6.0,3.0,0.0,9.0,6.0,0.0,8.0,3.0,0.0,3.0,5.0,0.0,6.0,2.0,0.0,0,3
1,5,4.0,1.0,3.0,0.0,6.0,8.0,0.0,0.0,6.0,3.0,0.0,9.0,6.0,0.0,8.0,3.0,0.0,3.0,5.0,0.0,6.0,2.0,0.0,0,3
1,6,4.0,1.0,3.0,0.0,6.0,8.0,0.0,0.0,6.0,3.0,0.0,9.0,6.0,0.0,8.0,3.0,0.0,3.0,5.0,0.0,6.0,2.0,0.0,0,3
1,7,4.0,1.0,3.0,0.0,6.0,8.0,0.0,0.0,6.0,3.0,0.0,9.0,6.0,0.0,8.0,3.0,0.0,3.0,5.0,0.0,6.0,2.0,0.0,0,3
1,8,4.0,1.0,3.0,0.0,6.0,8.0,0.0,0.0,6.0,3.0,0.0,9.0,6.0,0.0,8.0,3.0,0.0,3.0,5.0,0.0,6.0,2.0,0.0,0,3
1,9,4.0,1.0,3.0,0.0,6.0,8.0,0.0,0.0,6.0,3.0,0.0,9.0,6.0,0.0,8.0,3.0,0.0,3.0,5.0,0.0,6.0,2.0,0.0,0,3
1,10,4.0,1.0,3.0,0.0,6.0,8.0,0.0,0.0,6.0,3.0,0.0,9.0,6.0,0.0,8.0,3.0,0.0,3.0,5.0,0.0,6.0,2.0,0.0,0,3
1,11,4.0,1.0,3.0,0.0,6.0,8.0,0.0,0.0,6.0,3.0,0.0,9.0,6.0,0.0,8.0,3.0,0.0,3.0,5.0,0.0,6.0,2.0,0.0,0,3
2,0,6.0,3.0,1.0,2.0,6.0,8.0,1.0,0.0,9.0,4.0,0.0,7.0,3.0,0.0,8.0,2.0,0.0,12.0,1.0,0.0,10.0,0.0,0.0,0,3
2,1,3.0,2.0,0.0,1.0,6.0,5.0,4.0,0.0,9.0,4.0,0.0,7.0,3.0,0.0,8.0,2.0,0.0,12.0,1.0,0.0,10.0,0.0,0.0,0,3
2,2,3.0,2.0,0.0,1.0,6.0,5.0,4.0,0.0,9.0,4.0,0.0,7.0,3.0,0.0,8.0,2.0,0.0,12.0,1.0,0.0,10.0,0.0,0.0,0,3
2,3,3.0,2.0,0.0,1.0,6.0,5.0,4.0,0.0,9.0,4.0,0.0,7.0,3.0,0.0,8.0,2.0,0.0,12.0,1.0,0.0,10.0,0.0,0.0,0,3
2,4,3.0,2.0,0.0,1.0,6.0,5.0,4.0,0.0,9.0,4.0,0.0,7.0,3.0,0.0,8.0,2.0,0.0,12.0,1.0,0.0,10.0,0.0,0.0,0,3
2,5,0.0,0.0,0.0,0.0,6.0,5.0,4.0,0.0,6.0,7.0,0.0,7.0,3.0,0.0,8.0,2.0,0.0,12.0,1.0,0.0,10.0,0.0,0.0,0,3
2,6,0.0,0.0,0.0,0.0,6.0,5.0,4.0,0.0,6.0,7.0,0.0,7.0,3.0,0.0,8.0,2.0,0.0,12.0,1.0,0.0,10.0,0.0,0.0,0,3
2,7,0.0,0.0,0.0,0.0,6.0,5.0,4.0,0.0,6.0,7.0,0.0,7.0,3.0,0.0,8.0,2.0,0.0,12.0,1.0,0.0,10.0,0.0,0.0,0,3
2,8,0.0,0.0,0.0,0.0,6.0,5.0,4.0,0.0,6.0,7.0,0.0,7.0,3.0,0.0,8.0,2.0,0.0,12.0,1.0,0.0,10.0,0.0,0.0,0,3
2,9,0.0,0.0,0.0,0.0,6.0,5.0,4.0,0.0,6.0,7.0,0.0,7.0,3.0,0.0,8.0,2.0,0.0,12.0,1.0,0.0,10.0,0.0,0.0,0,3
2,10,0.0,0.0,0.0,0.0,6.0,5.0,4.0,0.0,6.0,7.0,0.0,7.0,3.0,0.0,8.0,2.0,0.0,12.0,1.0,0.0,10.0,0.0,0.0,0,3
2,11,0.0,0.0,0.0,0.0,6.0,5.0,4.0,0.0,6.0,7.0,0.0,7.0,3.0,0.0,8.0,2.0,0.0,12.0,1.0,0.0,10.0,0.0,0.0,0,3
3,0,9.0,4.0,2.0,3.0,6.0,4.0,0.0,0.0,9.0,2.0,0.0,6.0,2.0,0.0,6.0,0.0,0.0,6.0,3.0,0.0,8.0,2.0,0.0,1,3
3,1,4.0,3.0,1.0,0.0,6.0,1.0,3.0,0.0,9.0,2.0,0.0,6.0,2.0,0.0,6.0,0.0,0.0,6.0,3.0,0.0,6.0,4.0,0.0,1,3
3,2,3.0,3.0,0.0,0.0,6.0,1.0,3.0,0.0,9.0,2.0,0.0,6.0,2.0,0.0,6.0,0.0,0.0,5.0,4.0,0.0,6.0,4.0,0.0,1,3
3,3,3.0,3.0,0.0,0.0,6.0,1.0,3.0,0.0,9.0,2.0,0.0,6.0,2.0,0.0,6.0,0.0,0.0,5.0,4.0,0.0,6.0,4.0,0.0,1,3
3,4,3.0,3.0,0.0,0.0,6.0,1.0,3.0,0.0,9.0,2.0,0.0,6.0,2.0,0.0,6.0,0.0,0.0,5.0,4.0,0.0,6.0,4.0,0.0,1,3
3,5,3.0,3.0,0.0,0.0,6.0,1.0,3.0,0.0,9.0,2.0,0.0,6.0,2.0,0.0,6.0,0.0,0.0,5.0,4.0,0.0,6.0,4.0,0.0,1,3
3,6,3.0,3.0,0.0,0.0,6.0,1.0,3.0,0.0,9.0,2.0,0.0,6.0,2.0,0.0,6.0,0.0,0.0,5.0,4.0,0.0,6.0,4.0,0.0,1,3
3,7,3.0,3.0,0.0,0.0,6.0,1.0,3.0,0.0,9.0,2.0,0.0,6.0,2.0,0.0,6.0,0.0,0.0,5.0,4.0,0.0,6.0,4.0,0.0,1,3
3,8,3.0,3.0,0.0,0.0,6.0,1.0,3.0,0.0,9.0,2.0,0.0,6.0,2.0,0.0,6.0,0.0,0.0,5.0,4.0,0.0,6.0,4.0,0.0,1,3
3,9,3.0,3.0,0.0,0.0,6.0,1.0,3.0,0.0,9.0,2.0,0.0,6.0,2.0,0.0,6.0,0.0,0.0,5.0,4.0,0.0,6.0,4.0,0.0,1,3
3,10,3.0,3.0,0.0,0.0,6.0,1.0,3.0,0.0,9.0,2.0,0.0,6.0,2.0,0.0,6.0,0.0,0.0,5.0,4.0,0.0,6.0,4.0,0.0,1,3
3,11,3.0,3.0,0.0,0.0,6.0,1.0,3.0,0.0,9.0,2.0,0.0,6.0,2.0,0.0,6.0,0.0,0.0,5.0,4.0,0.0,6.0,4.0,0.0,1,3
4,0,6.0,3.0,1.0,2.0,6.0,5.0,2.0,0.0,5.0,1.0,0.0,6.0,4.0,0.0,11.0,1.0,0.0,8.0,2.0,0.0,7.0,1.0,0.0,0,3
4,1,3.0,2.0,0.0,1.0,6.0,2.0,5.0,0.0,5.0,1.0,0.0,6.0,4.0,0.0,11.0,1.0,0.0,8.0,2.0,0.0,7.0,1.0,0.0,0,3
4,2,3.0,2.0,0.0,1.0,6.0,2.0,5.0,0.0,5.0,1.0,0.0,6.0,4.0,0.0,11.0,1.0,0.0,8.0,2.0,0.0,7.0,1.0,0.0,0,3
4,3,3.0,2.0,0.0,1.0,6.0,2.0,5.0,0.0,5.0,1.0,0.0,6.0,4.0,0.0,11.0,1.0,0.0,8.0,2.0,0.0,7.0,1.0,0.0,0,3
4,4,3.0,2.0,0.0,1.0,6.0,2.0,5.0,0.0,5.0,1.0,0.0,6.0,4.0,0.0,11.0,1.0,0.0,8.0,2.0,0.0,7.0,1.0,0.0,0,3
4,5,3.0,2.0,0.0,1.0,6.0,2.0,5.0,0.0,5.0,1.0,0.0,6.0,4.0,0.0,11.0,1.0,0.0,8.0,2.0,0.0,7.0,1.0,0.0,0,3
4,6,3.0,2.0,0.0,1.0,6.0,2.0,5.0,0.0,5.0,1.0,0.0,6.0,4.0,0.0,11.0,1.0,0.0,8.0,2.0,0.0,7.0,1.0,0.0,0,3
4,7,3.0,2.0,0.0,1.0,6.0,2.0,5.0,0.0,5.0,1.0,0.0,6.0,4.0,0.0,11.0,1.0,0.0,8.0,2.0,0.0,7.0,1.0,0.0,0,3
4,8,3.0,2.0,0.0,1.0,6.0,2.0,5.0,0.0,5.0,1.0,0.0,6.0,4.0,0.0,11.0,1.0,0.0,8.0,2.0,0.0,7.0,1.0,0.0,0,3
4,9,3.0,2.0,0.0,1.0,6.0,2.0,5.0,0.0,5.0,1.0,0.0,6.0,4.0,0.0,11.0,1.0,0.0,8.0,2.0,0.0,7.0,1.0,0.0,0,3
4,10,3.0,2.0,0.0,1.0,6.0,2.0,5.0,0.0,5.0,1.0,0.0,6.0,4.0,0.0,11.0,1.0,0.0,8.0,2.0,0.0,7.0,1.0,0.0,0,3
4,11,3.0,2.0,0.0,1.0,6.0,2.0,5.0,0.0,5.0,1.0,0.0,6.0,4.0,0.0,11.0,1.0,0.0,8.0,2.0,0.0,7.0,1.0,0.0,0,3
5,0,6.0,0.0,2.0,4.0,6.0,7.0,0.0,0.0,10.0,2.0,0.0,11.0,5.0,0.0,6.0,3.0,0.0,10.0,2.0,0.0,6.0,2.0,0.0,0,3
5,1,6.0,0.0,2.0,4.0,6.0,7.0,0.0,0.0,10.0,2.0,0.0,11.0,5.0,0.0,6.0,3.0,0.0,10.0,2.0,0.0,6.0,2.0,0.0,0,3
5,2,6.0,0.0,2.0,4.0,6.0,7.0,0.0,0.0,10.0,2.0,0.0,11.0,5.0,0.0,6.0,3.0,0.0,10.0,2.0,0.0,6.0,2.0,0.0,0,3
5,3,6.0,0.0,2.0,4.0,6.0,7.0,0.0,0.0,10.0,2.0,0.0,11.0,5.0,0.0,6.0,3.0,0.0,10.0,2.0,0.0,6.0,2.0,0.0,0,3
5,4,6.0,0.0,2.0,4.0,6.0,7.0,0.0,0.0,10.0,2.0,0.0,11.0,5.0,0.0,6.0,3.0,0.0,10.0,2.0,0.0,6.0,2.0,0.0,0,3
5,5,6.0,0.0,2.0,4.0,6.0,7.0,0.0,0.0,10.0,2.0,0.0,11.0,5.0,0.0,6.0,3.0,0.0,10.0,2.0,0.0,6.0,2.0,0.0,0,3
5,6,6.0,0.0,2.0,4.0,6.0,7.0,0.0,0.0,10.0,2.0,0.0,11.0,5.0,0.0,6.0,3.0,0.0,10.0,2.0,0.0,6.0,2.0,0.0,0,3
5,7,6.0,0.0,2.0,4.0,6.0,7.0,0.0,0.0,10.0,2.0,0.0,11.0,5.0,0.0,6.0,3.0,0.0,10.0,2.0,0.0,6.0,2.0,0.0,0,3
5,8,6.0,0.0,2.0,4.0,6.0,7.0,0.0,0.0,10.0,2.0,0.0,11.0,5.0,0.0,6.0,3.0,0.0,10.0,2.0,0.0,6.0,2.0,0.0,0,3
5,9,6.0,0.0,2.0,4.0,6.0,7.0,0.0,0.0,10.0,2.0,0.0,11.0,5.0,0.0,6.0,3.0,0.0,10.0,2.0,0.0,6.0,2.0,0.0,0,3
5,10,6.0,0.0,2.0,4.0,6.0,7.0,0.0,0.0,10.0,2.0,0.0,11.0,5.0,0.0,6.0,3.0,0.0,10.0,2.0,0.0,6.0,2.0,0.0,0,3
5,11,6.0,0.0,2.0,4.0,6.0,7.0,0.0,0.0,10.0,2.0,0.0,11.0,5.0,0.0,6.0,3.0,0.0,10.0,2.0,0.0,6.0,2.0,0.0,0,3
6,0,6.0,3.0,0.0,3.0,6.0,8.0,1.0,0.0,8.0,1.0,0.0,5.0,2.0,0.0,7.0,3.0,0.0,5.0,2.0,0.0,7.0,2.0,0.0,1,3
6,1,6.0,3.0,0.0,3.0,6.0,8.0,1.0,0.0,8.0,1.0,0.0,5.0,2.0,0.0,7.0,3.0,0.0,5.0,2.0,0.0,7.0,2.0,0.0,1,3
6,2,6.0,3.0,0.0,3.0,6.0,8.0,1.0,0.0,8.0,1.0,0.0,5.0,2.0,0.0,7.0,3.0,0.0,5.0,2.0,0.0,7.0,2.0,0.0,1,3
6,3,4.0,1.0,0.0,3.0,6.0,8.0,1.0,0.0,8.0,1.0,0.0,3.0,4.0,0.0,7.0,3.0,0.0,5.0,2.0,0.0,7.0,2.0,0.0,1,3
6,4,4.0,1.0,0.0,3.0,6.0,8.0,1.0,0.0,8.0,1.0,0.0,3.0,4.0,0.0,7.0,3.0,0.0,5.0,2.0,0.0,7.0,2.0,0.0,1,3
6,5,4.0,1.0,0.0,3.0,6.0,8.0,1.0,0.0,8.0,1.0,0.0,3.0,4.0,0.0,7.0,3.0,0.0,5.0,2.0,0.0,7.0,2.0,0.0,1,3
6,6,4.0,1.0,0.0,3.0,6.0,8.0,1.0,0.0,8.0,1.0,0.0,3.0,4.0,0.0,7.0,3.0,0.0,5.0,2.0,0.0,7.0,2.0,0.0,1,3
6,7,4.0,1.0,0.0,3.0,6.0,8.0,1.0,0.0,8.0,1.0,0.0,3.0,4.0,0.0,7.0,3.0,0.0,5.0,2.0,0.0,7.0,2.0,0.0,1,3
6,8,4.0,1.0,0.0,3.0,6.0,8.0,1.0,0.0,8.0,1.0,0.0,3.0,4.0,0.0,7.0,3.0,0.0,5.0,2.0,0.0,7.0,2.0,0.0,1,3
6,9,4.0,1.0,0.0,3.0,6.0,8.0,1.0,0.0,8.0,1.0,0.0,3.0,4.0,0.0,7.0,3.0,0.0,5.0,2.0,0.0,7.0,2.0,0.0,1,3
6,10,4.0,1.0,0.0,3.0,6.0,8.0,1.0,0.0,8.0,1.0,0.0,3.0,4.0,0.0,7.0,3.0,0.0,5.0,2.0,0.0,7.0,2.0,0.0,1,3
6,11,4.0,1.0,0.0,3.0,6.0,8.0,1.0,0.0,8.0,1.0,0.0,3.0,4.0,0.0,7.0,3.0,0.0,5.0,2.0,0.0,7.0,2.0,0.0,1,3
7,0,9.0,6.0,3.0,0.0,6.0,6.0,3.0,0.0,12.0,0.0,0.0,13.0,2.0,0.0,10.0,3.0,0.0,16.0,3.0,0.0,4.0,1.0,0.0,0,3
7,1,9.0,6.0,3.0,0.0,6.0,6.0,3.0,0.0,12.0,0.0,0.0,13.0,2.0,0.0,10.0,3.0,0.0,16.0,3.0,0.0,4.0,1.0,0.0,0,3
7,2,9.0,6.0,3.0,0.0,6.0,6.0,3.0,0.0,12.0,0.0,0.0,13.0,2.0,0.0,10.0,3.0,0.0,16.0,3.0,0.0,4.0,1.0,0.0,0,3
7,3,9.0,6.0,3.0,0.0,6.0,6.0,3.0,0.0,12.0,0.0,0.0,13.0,2.0,0.0,10.0,3.0,0.0,16.0,3.0,0.0,4.0,1.0,0.0,0,3
7,4,9.0,6.0,3.0,0.0,6.0,6.0,3.0,0.0,12.0,0.0,0.0,13.0,2.0,0.0,10.0,3.0,0.0,16.0,3.0,0.0,4.0,1.0,0.0,0,3
7,5,9.0,6.0,3.0,0.0,6.0,6.0,3.0,0.0,12.0,0.0,0.0,13.0,2.0,0.0,10.0,3.0,0.0,16.0,3.0,0.0,4.0,1.0,0.0,0,3
7,6,9.0,6.0,3.0,0.0,6.0,6.0,3.0,0.0,12.0,0.0,0.0,13.0,2.0,0.0,10.0,3.0,0.0,16.0,3.0,0.0,4.0,1.0,0.0,0,3
7,7,9.0,6.0,3.0,0.0,6.0,6.0,3.0,0.0,12.0,0.0,0.0,13.0,2.0,0.0,10.0,3.0,0.0,16.0,3.0,0.0,4.0,1.0,0.0,0,3
7,8,9.0,6.0,3.0,0.0,6.0,6.0,3.0,0.0,12.0,0.0,0.0,13.0,2.0,0.0,10.0,3.0,0.0,16.0,3.0,0.0,4.0,1.0,0.0,0,3
7,9,9.0,6.0,3.0,0.0,6.0,6.0,3.0,0.0,12.0,0.0,0.0,13.0,2.0,0.0,10.0,3.0,0.0,16.0,3.0,0.0,4.0,1.0,0.0,0,3
7,10,9.0,6.0,3.0,0.0,6.0,6.0,3.0,0.0,12.0,0.0,0.0,13.0,2.0,0.0,10.0,3.0,0.0,16.0,3.0,0.0,4.0,1.0,0.0,0,3
7,11,9.0,6.0,3.0,0.0,6.0,6.0,3.0,0.0,12.0,0.0,0.0,13.0,2.0,0.0,10.0,3.0,0.0,16.0,3.0,0.0,4.0,1.0,0.0,0,3
8,0,5.0,2.0,1.0,2.0,6.0,9.0,2.0,0.0,5.0,0.0,0.0,5.0,0.0,0.0,7.0,2.0,0.0,4.0,2.0,0.0,6.0,4.0,0.0,0,3
8,1,2.0,1.0,0.0,1.0,6.0,6.0,5.0,0.0,5.0,0.0,0.0,5.0,0.0,0.0,7.0,2.0,0.0,4.0,2.0,0.0,6.0,4.0,0.0,0,3
8,2,2.0,1.0,0.0,1.0,6.0,6.0,5.0,0.0,5.0,0.0,0.0,5.0,0.0,0.0,7.0,2.0,0.0,4.0,2.0,0.0,6.0,4.0,0.0,0,3
8,3,2.0,1.0,0.0,1.0,6.0,6.0,5.0,0.0,5.0,0.0,0.0,5.0,0.0,0.0,7.0,2.0,0.0,4.0,2.0,0.0,6.0,4.0,0.0,0,3
8,4,2.0,1.0,0.0,1.0,6.0,6.0,5.0,0.0,5.0,0.0,0.0,5.0,0.0,0.0,7.0,2.0,0.0,4.0,2.0,0.0,6.0,4.0,0.0,0,3
8,5,2.0,1.0,0.0,1.0,6.0,6.0,5.0,0.0,5.0,0.0,0.0,5.0,0.0,0.0,7.0,2.0,0.0,4.0,2.0,0.0,6.0,4.0,0.0,0,3
8,6,2.0,1.0,0.0,1.0,6.0,6.0,5.0,0.0,5.0,0.0,0.0,5.0,0.0,0.0,7.0,2.0,0.0,4.0,2.0,0.0,6.0,4.0,0.0,0,3
8,7,2.0,1.0,0.0,1.0,6.0,6.0,5.0,0.0,5.0,0.0,0.0,5.0,0.0,0.0,7.0,2.0,0.0,4.0,2.0,0.0,6.0,4.0,0.0,0,3
8,8,2.0,1.0,0.0,1.0,6.0,6.0,5.0,0.0,5.0,0.0,0.0,5.0,0.0,0.0,7.0,2.0,0.0,4.0,2.0,0.0,6.0,4.0,0.0,0,3
8,9,2.0,1.0,0.0,1.0,6.0,6.0,5.0,0.0,5.0,0.0,0.0,5.0,0.0,0.0,7.0,2.0,0.0,4.0,2.0,0.0,6.0,4.0,0.0,0,3
8,10,2.0,1.0,0.0,1.0,6.0,6.0,5.0,0.0,5.0,0.0,0.0,5.0,0.0,0.0,7.0,2.0,0.0,4.0,2.0,0.0,6.0,4.0,0.0,0,3
8,11,2.0,1.0,0.0,1.0,6.0,6.0,5.0,0.0,5.0,0.0,0.0,5.0,0.0,0.0,7.0,2.0,0.0,4.0,2.0,0.0,6.0,4.0,0.0,0,3
9,0,4.0,2.0,2.0,0.0,6.0,7.0,3.0,0.0,9.0,3.0,0.0,6.0,2.0,0.0,9.0,0.0,0.0,7.0,3.0,0.0,6.0,1.0,0.0,1,3
9,1,4.0,2.0,2.0,0.0,6.0,7.0,3.0,0.0,9.0,3.0,0.0,6.0,2.0,0.0,9.0,0.0,0.0,7.0,3.0,0.0,6.0,1.0,0.0,1,3
9,2,4.0,2.0,2.0,0.0,6.0,7.0,3.0,0.0,9.0,3.0,0.0,6.0,2.0,0.0,9.0,0.0,0.0,7.0,3.0,0.0,6.0,1.0,0.0,1,3
9,3,4.0,2.0,2.0,0.0,6.0,7.0,3.0,0.0,9.0,3.0,0.0,6.0,2.0,0.0,9.0,0.0,0.0,7.0,3.0,0.0,6.0,1.0,0.0,1,3
9,4,4.0,2.0,2.0,0.0,6.0,7.0,3.0,0.0,9.0,3.0,0.0,6.0,2.0,0.0,9.0,0.0,0.0,7.0,3.0,0.0,6.0,1.0,0.0,1,3
9,5,3.0,2.0,1.0,0.0,6.0,7.0,3.0,0.0,9.0,3.0,0.0,6.0,2.0,0.0,9.0,0.0,0.0,6.0,4.0,0.0,6.0,1.0,0.0,1,3
9,6,3.0,2.0,1.0,0.0,6.0,7.0,3.0,0.0,9.0,3.0,0.0,6.0,2.0,0.0,9.0,0.0,0.0,6.0,4.0,0.0,6.0,1.0,0.0,1,3
9,7,3.0,2.0,1.0,0.0,6.0,7.0,3.0,0.0,9.0,3.0,0.0,6.0,2.0,0.0,9.0,0.0,0.0,6.0,4.0,0.0,6.0,1.0,0.0,1,3
9,8,3.0,2.0,1.0,0.0,6.0,7.0,3.0,0.0,9.0,3.0,0.0,6.0,2.0,0.0,9.0,0.0,0.0,6.0,4.0,0.0,6.0,1.0,0.0,1,3
9,9,3.0,2.0,1.0,0.0,6.0,7.0,3.0,0.0,9.0,3.0,0.0,6.0,2.0,0.0,9.0,0.0,0.0,6.0,4.0,0.0,6.0,1.0,0.0,1,3
9,10,3.0,2.0,1.0,0.0,6.0,7.0,3.0,0.0,9.0,3.0,0.0,6.0,2.0,0.0,9.0,0.0,0.0,6.0,4.0,0.0,6.0,1.0,0.0,1,3
9,11,3.0,2.0,1.0,0.0,6.0,7.0,3.0,0.0,9.0,3.0,0.0,6.0,2.0,0.0,9.0,0.0,0.0,6.0,4.0,0.0,6.0,1.0,0.0,1,3
10,0,5.0,2.0,0.0,3.0,6.0,8.0,3.0,0.0,7.0,1.0,0.0,11.0,3.0,0.0,4.0,2.0,0.0,6.0,1.0,0.0,7.0,2.0,0.0,0,3
10,1,5.0,2.0,0.0,3.0,6.0,8.0,3.0,0.0,7.0,1.0,0.0,11.0,3.0,0.0,4.0,2.0,0.0,6.0,1.0,0.0,7.0,2.0,0.0,0,3
10,2,5.0,2.0,0.0,3.0,6.0,8.0,3.0,0.0,7.0,1.0,0.0,11.0,3.0,0.0,4.0,2.0,0.0,6.0,1.0,0.0,7.0,2.0,0.0,0,3
10,3,5.0,2.0,0.0,3.0,6.0,8.0,3.0,0.0,7.0,1.0,0.0,11.0,3.0,0.0,4.0,2.0,0.0,6.0,1.0,0.0,7.0,2.0,0.0,0,3
10,4,5.0,2.0,0.0,3.0,6.0,8.0,3.0,0.0,7.0,1.0,0.0,11.0,3.0,0.0,4.0,2.0,0.0,6.0,1.0,0.0,7.0,2.0,0.0,0,3
10,5,5.0,2.0,0.0,3.0,6.0,8.0,3.0,0.0,7.0,1.0,0.0,11.0,3.0,0.0,4.0,2.0,0.0,6.0,1.0,0.0,7.0,2.0,0.0,0,3
10,6,3.0,2.0,0.0,1.0,6.0,8.0,3.0,0.0,7.0,1.0,0.0,11.0,3.0,0.0,4.0,2.0,0.0,4.0,3.0,0.0,7.0,2.0,0.0,0,3
10,7,3.0,2.0,0.0,1.0,6.0,8.0,3.0,0.0,7.0,1.0,0.0,11.0,3.0,0.0,4.0,2.0,0.0,4.0,3.0,0.0,7.0,2.0,0.0,0,3
10,8,3.0,2.0,0.0,1.0,6.0,8.0,3.0,0.0,7.0,1.0,0.0,11.0,3.0,0.0,4.0,2.0,0.0,4.0,3.0,0.0,7.0,2.0,0.0,0,3
10,9,3.0,2.0,0.0,1.0,6.0,8.0,3.0,0.0,7.0,1.0,0.0,11.0,3.0,0.0,4.0,2.0,0.0,4.0,3.0,0.0,7.0,2.0,0.0,0,3
10,10,3.0,2.0,0.0,1.0,6.0,8.0,3.0,0.0,7.0,1.0,0.0,11.0,3.0,0.0,4.0,2.0,0.0,4.0,3.0,0.0,7.0,2.0,0.0,0,3
10,11,3.0,2.0,0.0,1.0,6.0,8.0,3.0,0.0,7.0,1.0,0.0,11.0,3.0,0.0,4.0,2.0,0.0,4.0,3.0,0.0,7.0,2.0,0.0,0,3
11,0,5.0,3.0,2.0,0.0,6.0,8.0,2.0,0.0,8.0,3.0,0.0,4.0,1.0,0.0,8.0,4.0,0.0,4.0,1.0,0.0,6.0,2.0,0.0,0,3
11,1,2.0,2.0,0.0,0.0,6.0,8.0,2.0,0.0,8.0,3.0,0.0,1.0,4.0,0.0,8.0,4.0,0.0,4.0,1.0,0.0,6.0,2.0,0.0,0,3
11,2,2.0,2.0,0.0,0.0,6.0,8.0,2.0,0.0,8.0,3.0,0.0,1.0,4.0,0.0,8.0,4.0,0.0,4.0,1.0,0.0,6.0,2.0,0.0,0,3
11,3,2.0,2.0,0.0,0.0,6.0,8.0,2.0,0.0,8.0,3.0,0.0,1.0,4.0,0.0,8.0,4.0,0.0,4.0,1.0,0.0,6.0,2.0,0.0,0,3
11,4,0.0,0.0,0.0,0.0,6.0,8.0,2.0,0.0,8.0,3.0,0.0,1.0,4.0,0.0,8.0,4.0,0.0,4.0,1.0,0.0,4.0,4.0,0.0,0,3
11,5,0.0,0.0,0.0,0.0,6.0,8.0,2.0,0.0,8.0,3.0,0.0,1.0,4.0,0.0,8.0,4.0,0.0,4.0,1.0,0.0,4.0,4.0,0.0,0,3
11,6,0.0,0.0,0.0,0.0,6.0,8.0,2.0,0.0,8.0,3.0,0.0,1.0,4.0,0.0,8.0,4.0,0.0,4.0,1.0,0.0,4.0,4.0,0.0,0,3
11,7,0.0,0.0,0.0,0.0,6.0,8.0,2.0,0.0,8.0,3.0,0.0,1.0,4.0,0.0,8.0,4.0,0.0,4.0,1.0,0.0,4.0,4.0,0.0,0,3
11,8,0.0,0.0,0.0,0.0,6.0,8.0,2.0,0.0,8.0,3.0,0.0,1.0,4.0,0.0,8.0,4.0,0.0,4.0,1.0,0.0,4.0,4.0,0.0,0,3
11,9,0.0,0.0,0.0,0.0,6.0,8.0,2.0,0.0,8.0,3.0,0.0,1.0,4.0,0.0,8.0,4.0,0.0,4.0,1.0,0.0,4.0,4.0,0.0,0,3
11,10,0.0,0.0,0.0,0.0,6.0,8.0,2.0,0.0,8.0,3.0,0.0,1.0,4.0,0.0,8.0,4.0,0.0,4.0,1.0,0.0,4.0,4.0,0.0,0,3
11,11,0.0,0.0,0.0,0.0,6.0,8.0,2.0,0.0,8.0,3.0,0.0,1.0,4.0,0.0,8.0,4.0,0.0,4.0,1.0,0.0,4.0,4.0,0.0,0,3
12,0,4.0,1.0,3.0,0.0,6.0,5.0,2.0,0.0,3.0,2.0,0.0,4.0,0.0,0.0,8.0,2.0,0.0,9.0,2.0,0.0,4.0,1.0,0.0,1,3
12,1,4.0,1.0,3.0,0.0,6.0,5.0,2.0,0.0,3.0,2.0,0.0,4.0,0.0,0.0,8.0,2.0,0.0,9.0,2.0,0.0,4.0,1.0,0.0,1,3
12,2,4.0,1.0,3.0,0.0,6.0,5.0,2.0,0.0,3.0,2.0,0.0,4.0,0.0,0.0,8.0,2.0,0.0,9.0,2.0,0.0,4.0,1.0,0.0,1,3
12,3,4.0,1.0,3.0,0.0,6.0,5.0,2.0,0.0,3.0,2.0,0.0,4.0,0.0,0.0,8.0,2.0,0.0,9.0,2.0,0.0,4.0,1.0,0.0,1,3
12,4,3.0,1.0,2.0,0.0,6.0,5.0,2.0,0.0,3.0,2.0,0.0,4.0,0.0,0.0,8.0,2.0,0.0,9.0,2.0,0.0,3.0,2.0,0.0,1,3
12,5,3.0,1.0,2.0,0.0,6.0,5.0,2.0,0.0,3.0,2.0,0.0,4.0,0.0,0.0,8.0,2.0,0.0,9.0,2.0,0.0,3.0,2.0,0.0,1,3
12,6,3.0,1.0,2.0,0.0,6.0,5.0,2.0,0.0,3.0,2.0,0.0,4.0,0.0,0.0,8.0,2.0,0.0,9.0,2.0,0.0,3.0,2.0,0.0,1,3
12,7,3.0,1.0,2.0,0.0,6.0,5.0,2.0,0.0,3.0,2.0,0.0,4.0,0.0,0.0,8.0,2.0,0.0,9.0,2.0,0.0,3.0,2.0,0.0,1,3
12,8,3.0,1.0,2.0,0.0,6.0,5.0,2.0,0.0,3.0,2.0,0.0,4.0,0.0,0.0,8.0,2.0,0.0,9.0,2.0,0.0,3.0,2.0,0.0,1,3
12,9,3.0,1.0,2.0,0.0,6.0,5.0,2.0,0.0,3.0,2.0,0.0,4.0,0.0,0.0,8.0,2.0,0.0,9.0,2.0,0.0,3.0,2.0,0.0,1,3
12,10,3.0,1.0,2.0,0.0,6.0,5.0,2.0,0.0,3.0,2.0,0.0,4.0,0.0,0.0,8.0,2.0,0.0,9.0,2.0,0.0,3.0,2.0,0.0,1,3
12,11,3.0,1.0,2.0,0.0,6.0,5.0,2.0,0.0,3.0,2.0,0.0,4.0,0.0,0.0,8.0,2.0,0.0,9.0,2.0,0.0,3.0,2.0,0.0,1,3
13,0,3.0,0.0,3.0,0.0,6.0,10.0,4.0,0.0,9.0,4.0,0.0,6.0,2.0,0.0,10.0,4.0,0.0,6.0,4.0,0.0,6.0,1.0,0.0,0,3
13,1,3.0,0.0,3.0,0.0,6.0,10.0,4.0,0.0,9.0,4.0,0.0,6.0,2.0,0.0,10.0,4.0,0.0,6.0,4.0,0.0,6.0,1.0,0.0,0,3
13,2,3.0,0.0,3.0,0.0,6.0,10.0,4.0,0.0,9.0,4.0,0.0,6.0,2.0,0.0,10.0,4.0,0.0,6.0,4.0,0.0,6.0,1.0,0.0,0,3
13,3,3.0,0.0,3.0,0.0,6.0,10.0,4.0,0.0,9.0,4.0,0.0,6.0,2.0,0.0,10.0,4.0,0.0,6.0,4.0,0.0,6.0,1.0,0.0,0,3
13,4,3.0,0.0,3.0,0.0,6.0,10.0,4.0,0.0,9.0,4.0,0.0,6.0,2.0,0.0,10.0,4.0,0.0,6.0,4.0,0.0,6.0,1.0,0.0,0,3
13,5,3.0,0.0,3.0,0.0,6.0,10.0,4.0,0.0,9.0,4.0,0.0,6.0,2.0,0.0,10.0,4.0,0.0,6.0,4.0,0.0,6.0,1.0,0.0,0,3
13,6,3.0,0.0,3.0,0.0,6.0,10.0,4.0,0.0,9.0,4.0,0.0,6.0,2.0,0.0,10.0,4.0,0.0,6.0,4.0,0.0,6.0,1.0,0.0,0,3
13,7,3.0,0.0,3.0,0.0,6.0,10.0,4.0,0.0,9.0,4.0,0.0,6.0,2.0,0.0,10.0,4.0,0.0,6.0,4.0,0.0,6.0,1.0,0.0,0,3
13,8,3.0,0.0,3.0,0.0,6.0,10.0,4.0,0.0,9.0,4.0,0.0,6.0,2.0,0.0,10.0,4.0,0.0,6.0,4.0,0.0,6.0,1.0,0.0,0,3
13,9,3.0,0.0,3.0,0.0,6.0,10.0,4.0,0.0,9.0,4.0,0.0,6.0,2.0,0.0,10.0,4.0,0.0,6.0,4.0,0.0,6.0,1.0,0.0,0,3
13,10,3.0,0.0,3.0,0.0,6.0,10.0,4.0,0.0,9.0,4.0,0.0,6.0,2.0,0.0,10.0,4.0,0.0,6.0,4.0,0.0,6.0,1.0,0.0,0,3
13,11,3.0,0.0,3.0,0.0,6.0,10.0,4.0,0.0,9.0,4.0,0.0,6.0,2.0,0.0,10.0,4.0,0.0,6.0,4.0,0.0,6.0,1.0,0.0,0,3
14,0,2.0,0.0,0.0,2.0,6.0,8.0,1.0,0.0,7.0,3.0,0.0,8.0,6.0,0.0,6.0,2.0,0.0,8.0,0.0,0.0,11.0,5.0,0.0,0,3
14,1,2.0,0.0,0.0,2.0,6.0,8.0,1.0,0.0,7.0,3.0,0.0,8.0,6.0,0.0,6.0,2.0,0.0,8.0,0.0,0.0,11.0,5.0,0.0,0,3
14,2,2.0,0.0,0.0,2.0,6.0,8.0,1.0,0.0,7.0,3.0,0.0,8.0,6.0,0.0,6.0,2.0,0.0,8.0,0.0,0.0,11.0,5.0,0.0,0,3
14,3,0.0,0.0,0.0,0.0,6.0,8.0,1.0,0.0,5.0,5.0,0.0,8.0,6.0,0.0,6.0,2.0,0.0,8.0,0.0,0.0,11.0,5.0,0.0,0,3
14,4,0.0,0.0,0.0,0.0,6.0,8.0,1.0,0.0,5.0,5.0,0.0,8.0,6.0,0.0,6.0,2.0,0.0,8.0,0.0,0.0,11.0,5.0,0.0,0,3
14,5,0.0,0.0,0.0,0.0,6.0,8.0,1.0,0.0,5.0,5.0,0.0,8.0,6.0,0.0,6.0,2.0,0.0,8.0,0.0,0.0,11.0,5.0,0.0,0,3
14,6,0.0,0.0,0.0,0.0,6.0,8.0,1.0,0.0,5.0,5.0,0.0,8.0,6.0,0.0,6.0,2.0,0.0,8.0,0.0,0.0,11.0,5.0,0.0,0,3
14,7,0.0,0.0,0.0,0.0,6.0,8.0,1.0,0.0,5.0,5.0,0.0,8.0,6.0,0.0,6.0,2.0,0.0,8.0,0.0,0.0,11.0,5.0,0.0,0,3
14,8,0.0,0.0,0.0,0.0,6.0,8.0,1.0,0.0,5.0,5.0,0.0,8.0,6.0,0.0,6.0,2.0,0.0,8.0,0.0,0.0,11.0,5.0,0.0,0,3
14,9,0.0,0.0,0.0,0.0,6.0,8.0,1.0,0.0,5.0,5.0,0.0,8.0,6.0,0.0,6.0,2.0,0.0,8.0,0.0,0.0,11.0,5.0,0.0,0,3
14,10,0.0,0.0,0.0,0.0,6.0,8.0,1.0,0.0,5.0,5.0,0.0,8.0,6.0,0.0,6.0,2.0,0.0,8.0,0.0,0.0,11.0,5.0,0.0,0,3
14,11,0.0,0.0,0.0,0.0,6.0,8.0,1.0,0.0,5.0,5.0,0.0,8.0,6.0,0.0,6.0,2.0,0.0,8.0,0.0,0.0,11.0,5.0,0.0,0,3
15,0,4.0,0.0,2.0,2.0,6.0,10.0,2.0,0.0,5.0,4.0,0.0,8.0,2.0,0.0,7.0,1.0,0.0,7.0,0.0,0.0,8.0,2.0,0.0,1,3
15,1,4.0,0.0,2.0,2.0,6.0,10.0,2.0,0.0,5.0,4.0,0.0,8.0,2.0,0.0,7.0,1.0,0.0,7.0,0.0,0.0,8.0,2.0,0.0,1,3
15,2,4.0,0.0,2.0,2.0,6.0,10.0,2.0,0.0,5.0,4.0,0.0,8.0,2.0,0.0,7.0,1.0,0.0,7.0,0.0,0.0,8.0,2.0,0.0,1,3
15,3,4.0,0.0,2.0,2.0,6.0,10.0,2.0,0.0,5.0,4.0,0.0,8.0,2.0,0.0,7.0,1.0,0.0,7.0,0.0,0.0,8.0,2.0,0.0,1,3
15,4,4.0,0.0,2.0,2.0,6.0,10.0,2.0,0.0,5.0,4.0,0.0,8.0,2.0,0.0,7.0,1.0,0.0,7.0,0.0,0.0,8.0,2.0,0.0,1,3
15,5,4.0,0.0,2.0,2.0,6.0,10.0,2.0,0.0,5.0,4.0,0.0,8.0,2.0,0.0,7.0,1.0,0.0,7.0,0.0,0.0,8.0,2.0,0.0,1,3
15,6,4.0,0.0,2.0,2.0,6.0,10.0,2.0,0.0,5.0,4.0,0.0,8.0,2.0,0.0,7.0,1.0,0.0,7.0,0.0,0.0,8.0,2.0,0.0,1,3
15,7,4.0,0.0,2.0,2.0,6.0,10.0,2.0,0.0,5.0,4.0,0.0,8.0,2.0,0.0,7.0,1.0,0.0,7.0,0.0,0.0,8.0,2.0,0.0,1,3
15,8,4.0,0.0,2.0,2.0,6.0,10.0,2.0,0.0,5.0,4.0,0.0,8.0,2.0,0.0,7.0,1.0,0.0,7.0,0.0,0.0,8.0,2.0,0.0,1,3
15,9,4.0,0.0,2.0,2.0,6.0,10.0,2.0,0.0,5.0,4.0,0.0,8.0,2.0,0.0,7.0,1.0,0.0,7.0,0.0,0.0,8.0,2.0,0.0,1,3
15,10,4.0,0.0,2.0,2.0,6.0,10.0,2.0,0.0,5.0,4.0,0.0,8.0,2.0,0.0,7.0,1.0,0.0,7.0,0.0,0.0,8.0,2.0,0.0,1,3
15,11,4.0,0.0,2.0,2.0,6.0,10.0,2.0,0.0,5.0,4.0,0.0,8.0,2.0,0.0,7.0,1.0,0.0,7.0,0.0,0.0,8.0,2.0,0.0,1,3
16,0,0.0,0.0,0.0,0.0,6.0,3.0,2.0,0.0,3.0,3.0,0.0,7.0,2.0,0.0,12.0,5.0,0.0,7.0,3.0,0.0,9.0,5.0,0.0,0,3
16,1,0.0,0.0,0.0,0.0,6.0,3.0,2.0,0.0,3.0,3.0,0.0,7.0,2.0,0.0,12.0,5.0,0.0,7.0,3.0,0.0,9.0,5.0,0.0,0,3
16,2,0.0,0.0,0.0,0.0,6.0,3.0,2.0,0.0,3.0,3.0,0.0,7.0,2.0,0.0,12.0,5.0,0.0,7.0,3.0,0.0,9.0,5.0,0.0,0,3
16,3,0.0,0.0,0.0,0.0,6.0,3.0,2.0,0.0,3.0,3.0,0.0,7.0,2.0,0.0,12.0,5.0,0.0,7.0,3.0,0.0,9.0,5.0,0.0,0,3
16,4,0.0,0.0,0.0,0.0,6.0,3.0,2.0,0.0,3.0,3.0,0.0,7.0,2.0,0.0,12.0,5.0,0.0,7.0,3.0,0.0,9.0,5.0,0.0,0,3
16,5,0.0,0.0,0.0,0.0,6.0,3.0,2.0,0.0,3.0,3.0,0.0,7.0,2.0,0.0,12.0,5.0,0.0,7.0,3.0,0.0,9.0,5.0,0.0,0,3
16,6,0.0,0.0,0.0,0.0,6.0,3.0,2.0,0.0,3.0,3.0,0.0,7.0,2.0,0.0,12.0,5.0,0.0,7.0,3.0,0.0,9.0,5.0,0.0,0,3
16,7,0.0,0.0,0.0,0.0,6.0,3.0,2.0,0.0,3.0,3.0,0.0,7.0,2.0,0.0,12.0,5.0,0.0,7.0,3.0,0.0,9.0,5.0,0.0,0,3
16,8,0.0,0.0,0.0,0.0,6.0,3.0,2.0,0.0,3.0,3.0,0.0,7.0,2.0,0.0,12.0,5.0,0.0,7.0,3.0,0.0,9.0,5.0,0.0,0,3
16,9,0.0,0.0,0.0,0.0,6.0,3.0,2.0,0.0,3.0,3.0,0.0,7.0,2.0,0.0,12.0,5.0,0.0,7.0,3.0,0.0,9.0,5.0,0.0,0,3
16,10,0.0,0.0,0.0,0.0,6.0,3.0,2.0,0.0,3.0,3.0,0.0,7.0,2.0,0.0,12.0,5.0,0.0,7.0,3.0,0.0,9.0,5.0,0.0,0,3
16,11,0.0,0.0,0.0,0.0,6.0,3.0,2.0,0.0,3.0,3.0,0.0,7.0,2.0,0.0,12.0,5.0,0.0,7.0,3.0,0.0,9.0,5.0,0.0,0,3
17,0,1.0,0.0,0.0,1.0,6.0,12.0,4.0,0.0,12.0,3.0,0.0,14.0,3.0,0.0,7.0,3.0,0.0,13.0,4.0,0.0,14.0,4.0,0.0,0,3
17,1,1.0,0.0,0.0,1.0,6.0,12.0,4.0,0.0,12.0,3.0,0.0,14.0,3.0,0.0,7.0,3.0,0.0,13.0,4.0,0.0,14.0,4.0,0.0,0,3
17,2,1.0,0.0,0.0,1.0,6.0,12.0,4.0,0.0,12.0,3.0,0.0,14.0,3.0,0.0,7.0,3.0,0.0,13.0,4.0,0.0,14.0,4.0,0.0,0,3
17,3,1.0,0.0,0.0,1.0,6.0,12.0,4.0,0.0,12.0,3.0,0.0,14.0,3.0,0.0,7.0,3.0,0.0,13.0,4.0,0.0,14.0,4.0,0.0,0,3
17,4,1.0,0.0,0.0,1.0,6.0,12.0,4.0,0.0,12.0,3.0,0.0,14.0,3.0,0.0,7.0,3.0,0.0,13.0,4.0,0.0,14.0,4.0,0.0,0,3
17,5,1.0,0.0,0.0,1.0,6.0,12.0,4.0,0.0,12.0,3.0,0.0,14.0,3.0,0.0,7.0,3.0,0.0,13.0,4.0,0.0,14.0,4.0,0.0,0,3
17,6,1.0,0.0,0.0,1.0,6.0,12.0,4.0,0.0,12.0,3.0,0.0,14.0,3.0,0.0,7.0,3.0,0.0,13.0,4.0,0.0,14.0,4.0,0.0,0,3
17,7,1.0,0.0,0.0,1.0,6.0,12.0,4.0,0.0,12.0,3.0,0.0,14.0,3.0,0.0,7.0,3.0,0.0,13.0,4.0,0.0,14.0,4.0,0.0,0,3
17,8,1.0,0.0,0.0,1.0,6.0,12.0,4.0,0.0,12.0,3.0,0.0,14.0,3.0,0.0,7.0,3.0,0.0,13.0,4.0,0.0,14.0,4.0,0.0,0,3
17,9,1.0,0.0,0.0,1.0,6.0,12.0,4.0,0.0,12.0,3.0,0.0,14.0,3.0,0.0,7.0,3.0,0.0,13.0,4.0,0.0,14.0,4.0,0.0,0,3
17,10,1.0,0.0,0.0,1.0,6.0,12.0,4.0,0.0,12.0,3.0,0.0,14.0,3.0,0.0,7.0,3.0,0.0,13.0,4.0,0.0,14.0,4.0,0.0,0,3
17,11,1.0,0.0,0.0,1.0,6.0,12.0,4.0,0.0,12.0,3.0,0.0,14.0,3.0,0.0,7.0,3.0,0.0,13.0,4.0,0.0,14.0,4.0,0.0,0,3
18,0,6.0,2.0,1.0,3.0,6.0,6.0,2.0,0.0,5.0,1.0,0.0,7.0,2.0,0.0,11.0,2.0,0.0,13.0,0.0,0.0,5.0,2.0,0.0,0,3
18,1,3.0,1.0,0.0,2.0,6.0,3.0,5.0,0.0,5.0,1.0,0.0,7.0,2.0,0.0,11.0,2.0,0.0,13.0,0.0,0.0,5.0,2.0,0.0,1,3
18,2,3.0,1.0,0.0,2.0,6.0,3.0,5.0,0.0,5.0,1.0,0.0,7.0,2.0,0.0,11.0,2.0,0.0,13.0,0.0,0.0,5.0,2.0,0.0,1,3
18,3,3.0,1.0,0.0,2.0,6.0,3.0,5.0,0.0,5.0,1.0,0.0,7.0,2.0,0.0,11.0,2.0,0.0,13.0,0.0,0.0,5.0,2.0,0.0,1,3
18,4,3.0,1.0,0.0,2.0,6.0,3.0,5.0,0.0,5.0,1.0,0.0,7.0,2.0,0.0,11.0,2.0,0.0,13.0,0.0,0.0,5.0,2.0,0.0,1,3
18,5,3.0,1.0,0.0,2.0,6.0,3.0,5.0,0.0,5.0,1.0,0.0,7.0,2.0,0.0,11.0,2.0,0.0,13.0,0.0,0.0,5.0,2.0,0.0,1,3
18,6,3.0,1.0,0.0,2.0,6.0,3.0,5.0,0.0,5.0,1.0,0.0,7.0,2.0,0.0,11.0,2.0,0.0,13.0,0.0,0.0,5.0,2.0,0.0,1,3
18,7,3.0,1.0,0.0,2.0,6.0,3.0,5.0,0.0,5.0,1.0,0.0,7.0,2.0,0.0,11.0,2.0,0.0,13.0,0.0,0.0,5.0,2.0,0.0,1,3
18,8,3.0,1.0,0.0,2.0,6.0,3.0,5.0,0.0,5.0,1.0,0.0,7.0,2.0,0.0,11.0,2.0,0.0,13.0,0.0,0.0,5.0,2.0,0.0,1,3
18,9,3.0,1.0,0.0,2.0,6.0,3.0,5.0,0.0,5.0,1.0,0.0,7.0,2.0,0.0,11.0,2.0,0.0,13.0,0.0,0.0,5.0,2.0,0.0,1,3
18,10,3.0,1.0,0.0,2.0,6.0,3.0,5.0,0.0,5.0,1.0,0.0,7.0,2.0,0.0,11.0,2.0,0.0,13.0,0.0,0.0,5.0,2.0,0.0,1,3
18,11,3.0,1.0,0.0,2.0,6.0,3.0,5.0,0.0,5.0,1.0,0.0,7.0,2.0,0.0,11.0,2.0,0.0,13.0,0.0,0.0,5.0,2.0,0.0,1,3
19,0,2.0,0.0,0.0,2.0,6.0,3.0,1.0,0.0,4.0,2.0,0.0,10.0,1.0,0.0,8.0,3.0,0.0,4.0,0.0,0.0,6.0,1.0,0.0,0,3
19,1,2.0,0.0,0.0,2.0,6.0,3.0,1.0,0.0,4.0,2.0,0.0,10.0,1.0,0.0,8.0,3.0,0.0,4.0,0.0,0.0,6.0,1.0,0.0,0,3
19,2,2.0,0.0,0.0,2.0,6.0,3.0,1.0,0.0,4.0,2.0,0.0,10.0,1.0,0.0,8.0,3.0,0.0,4.0,0.0,0.0,6.0,1.0,0.0,0,3
19,3,2.0,0.0,0.0,2.0,6.0,3.0,1.0,0.0,4.0,2.0,0.0,10.0,1.0,0.0,8.0,3.0,0.0,4.0,0.0,0.0,6.0,1.0,0.0,0,3
19,4,2.0,0.0,0.0,2.0,6.0,3.0,1.0,0.0,4.0,2.0,0.0,10.0,1.0,0.0,8.0,3.0,0.0,4.0,0.0,0.0,6.0,1.0,0.0,0,3
19,5,1.0,0.0,0.0,1.0,6.0,3.0,1.0,0.0,3.0,3.0,0.0,10.0,1.0,0.0,8.0,3.0,0.0,4.0,0.0,0.0,6.0,1.0,0.0,0,3
19,6,1.0,0.0,0.0,1.0,6.0,3.0,1.0,0.0,3.0,3.0,0.0,10.0,1.0,0.0,8.0,3.0,0.0,4.0,0.0,0.0,6.0,1.0,0.0,0,3
19,7,1.0,0.0,0.0,1.0,6.0,3.0,1.0,0.0,3.0,3.0,0.0,10.0,1.0,0.0,8.0,3.0,0.0,4.0,0.0,0.0,6.0,1.0,0.0,0,3
19,8,1.0,0.0,0.0,1.0,6.0,3.0,1.0,0.0,3.0,3.0,0.0,10.0,1.0,0.0,8.0,3.0,0.0,4.0,0.0,0.0,6.0,1.0,0.0,0,3
19,9,1.0,0.0,0.0,1.0,6.0,3.0,1.0,0.0,3.0,3.0,0.0,10.0,1.0,0.0,8.0,3.0,0.0,4.0,0.0,0.0,6.0,1.0,0.0,0,3
19,10,1.0,0.0,0.0,1.0,6.0,3.0,1.0,0.0,3.0,3.0,0.0,10.0,1.0,0.0,8.0,3.0,0.0,4.0,0.0,0.0,6.0,1.0,0.0,0,3
19,11,1.0,0.0,0.0,1.0,6.0,3.0,1.0,0.0,3.0,3.0,0.0,10.0,1.0,0.0,8.0,3.0,0.0,4.0,0.0,0.0,6.0,1.0,0.0,0,3
20,0,2.0,0.0,0.0,2.0,6.0,6.0,2.0,0.0,7.0,0.0,0.0,5.0,2.0,0.0,8.0,1.0,0.0,7.0,4.0,0.0,8.0,2.0,0.0,0,3
20,1,2.0,0.0,0.0,2.0,6.0,6.0,2.0,0.0,7.0,0.0,0.0,5.0,2.0,0.0,8.0,1.0,0.0,7.0,4.0,0.0,8.0,2.0,0.0,0,3
20,2,2.0,0.0,0.0,2.0,6.0,6.0,2.0,0.0,7.0,0.0,0.0,5.0,2.0,0.0,8.0,1.0,0.0,7.0,4.0,0.0,8.0,2.0,0.0,0,3
20,3,2.0,0.0,0.0,2.0,6.0,6.0,2.0,0.0,7.0,0.0,0.0,5.0,2.0,0.0,8.0,1.0,0.0,7.0,4.0,0.0,8.0,2.0,0.0,0,3
20,4,2.0,0.0,0.0,2.0,6.0,6.0,2.0,0.0,7.0,0.0,0.0,5.0,2.0,0.0,8.0,1.0,0.0,7.0,4.0,0.0,8.0,2.0,0.0,0,3
20,5,2.0,0.0,0.0,2.0,6.0,6.0,2.0,0.0,7.0,0.0,0.0,5.0,2.0,0.0,8.0,1.0,0.0,7.0,4.0,0.0,8.0,2.0,0.0,0,3
20,6,2.0,0.0,0.0,2.0,6.0,6.0,2.0,0.0,7.0,0.0,0.0,5.0,2.0,0.0,8.0,1.0,0.0,7.0,4.0,0.0,8.0,2.0,0.0,0,3
20,7,2.0,0.0,0.0,2.0,6.0,6.0,2.0,0.0,7.0,0.0,0.0,5.0,2.0,0.0,8.0,1.0,0.0,7.0,4.0,0.0,8.0,2.0,0.0,0,3
20,8,2.0,0.0,0.0,2.0,6.0,6.0,2.0,0.0,7.0,0.0,0.0,5.0,2.0,0.0,8.0,1.0,0.0,7.0,4.0,0.0,8.0,2.0,0.0,0,3
20,9,2.0,0.0,0.0,2.0,6.0,6.0,2.0,0.0,7.0,0.0,0.0,5.0,2.0,0.0,8.0,1.0,0.0,7.0,4.0,0.0,8.0,2.0,0.0,0,3
20,10,2.0,0.0,0.0,2.0,6.0,6.0,2.0,0.0,7.0,0.0,0.0,5.0,2.0,0.0,8.0,1.0,0.0,7.0,4.0,0.0,8.0,2.0,0.0,0,3
20,11,2.0,0.0,0.0,2.0,6.0,6.0,2.0,0.0,7.0,0.0,0.0,5.0,2.0,0.0,8.0,1.0,0.0,7.0,4.0,0.0,8.0,2.0,0.0,0,3
21,0,9.0,5.0,0.0,4.0,6.0,14.0,2.0,0.0,12.0,2.0,0.0,7.0,2.0,0.0,6.0,1.0,0.0,4.0,1.0,0.0,4.0,2.0,0.0,1,3
21,1,9.0,5.0,0.0,4.0,6.0,14.0,2.0,0.0,12.0,2.0,0.0,7.0,2.0,0.0,6.0,1.0,0.0,4.0,1.0,0.0,4.0,2.0,0.0,1,3
21,2,9.0,5.0,0.0,4.0,6.0,14.0,2.0,0.0,12.0,2.0,0.0,7.0,2.0,0.0,6.0,1.0,0.0,4.0,1.0,0.0,4.0,2.0,0.0,1,3
21,3,9.0,5.0,0.0,4.0,6.0,14.0,2.0,0.0,12.0,2.0,0.0,7.0,2.0,0.0,6.0,1.0,0.0,4.0,1.0,0.0,4.0,2.0,0.0,1,3
21,4,9.0,5.0,0.0,4.0,6.0,14.0,2.0,0.0,12.0,2.0,0.0,7.0,2.0,0.0,6.0,1.0,0.0,4.0,1.0,0.0,4.0,2.0,0.0,1,3
21,5,9.0,5.0,0.0,4.0,6.0,14.0,2.0,0.0,12.0,2.0,0.0,7.0,2.0,0.0,6.0,1.0,0.0,4.0,1.0,0.0,4.0,2.0,0.0,1,3
21,6,9.0,5.0,0.0,4.0,6.0,14.0,2.0,0.0,12.0,2.0,0.0,7.0,2.0,0.0,6.0,1.0,0.0,4.0,1.0,0.0,4.0,2.0,0.0,1,3
21,7,9.0,5.0,0.0,4.0,6.0,14.0,2.0,0.0,12.0,2.0,0.0,7.0,2.0,0.0,6.0,1.0,0.0,4.0,1.0,0.0,4.0,2.0,0.0,1,3
21,8,9.0,5.0,0.0,4.0,6.0,14.0,2.0,0.0,12.0,2.0,0.0,7.0,2.0,0.0,6.0,1.0,0.0,4.0,1.0,0.0,4.0,2.0,0.0,1,3
21,9,9.0,5.0,0.0,4.0,6.0,14.0,2.0,0.0,12.0,2.0,0.0,7.0,2.0,0.0,6.0,1.0,0.0,4.0,1.0,0.0,4.0,2.0,0.0,1,3
21,10,9.0,5.0,0.0,4.0,6.0,14.0,2.0,0.0,12.0,2.0,0.0,7.0,2.0,0.0,6.0,1.0,0.0,4.0,1.0,0.0,4.0,2.0,0.0,1,3
21,11,9.0,5.0,0.0,4.0,6.0,14.0,2.0,0.0,12.0,2.0,0.0,7.0,2.0,0.0,6.0,1.0,0.0,4.0,1.0,0.0,4.0,2.0,0.0,1,3
22,0,4.0,4.0,0.0,0.0,6.0,8.0,3.0,0.0,6.0,2.0,0.0,5.0,3.0,0.0,10.0,2.0,0.0,9.0,1.0,0.0,10.0,4.0,0.0,0,3
22,1,4.0,4.0,0.0,0.0,6.0,8.0,3.0,0.0,6.0,2.0,0.0,5.0,3.0,0.0,10.0,2.0,0.0,9.0,1.0,0.0,10.0,4.0,0.0,0,3
22,2,4.0,4.0,0.0,0.0,6.0,8.0,3.0,0.0,6.0,2.0,0.0,5.0,3.0,0.0,10.0,2.0,0.0,9.0,1.0,0.0,10.0,4.0,0.0,0,3
22,3,4.0,4.0,0.0,0.0,6.0,8.0,3.0,0.0,6.0,2.0,0.0,5.0,3.0,0.0,10.0,2.0,0.0,9.0,1.0,0.0,10.0,4.0,0.0,0,3
22,4,4.0,4.0,0.0,0.0,6.0,8.0,3.0,0.0,6.0,2.0,0.0,5.0,3.0,0.0,10.0,2.0,0.0,9.0,1.0,0.0,10.0,4.0,0.0,0,3
22,5,4.0,4.0,0.0,0.0,6.0,8.0,3.0,0.0,6.0,2.0,0.0,5.0,3.0,0.0,10.0,2.0,0.0,9.0,1.0,0.0,10.0,4.0,0.0,0,3
22,6,4.0,4.0,0.0,0.0,6.0,8.0,3.0,0.0,6.0,2.0,0.0,5.0,3.0,0.0,10.0,2.0,0.0,9.0,1.0,0.0,10.0,4.0,0.0,0,3
22,7,4.0,4.0,0.0,0.0,6.0,8.0,3.0,0.0,6.0,2.0,0.0,5.0,3.0,0.0,10.0,2.0,0.0,9.0,1.0,0.0,10.0,4.0,0.0,0,3
22,8,4.0,4.0,0.0,0.0,6.0,8.0,3.0,0.0,6.0,2.0,0.0,5.0,3.0,0.0,10.0,2.0,0.0,9.0,1.0,0.0,10.0,4.0,0.0,0,3
22,9,4.0,4.0,0.0,0.0,6.0,8.0,3.0,0.0,6.0,2.0,0.0,5.0,3.0,0.0,10.0,2.0,0.0,9.0,1.0,0.0,10.0,4.0,0.0,0,3
22,10,4.0,4.0,0.0,0.0,6.0,8.0,3.0,0.0,6.0,2.0,0.0,5.0,3.0,0.0,10.0,2.0,0.0,9.0,1.0,0.0,10.0,4.0,0.0,0,3
22,11,4.0,4.0,0.0,0.0,6.0,8.0,3.0,0.0,6.0,2.0,0.0,5.0,3.0,0.0,10.0,2.0,0.0,9.0,1.0,0.0,10.0,4.0,0.0,0,3
23,0,7.0,3.0,2.0,2.0,6.0,7.0,0.0,0.0,6.0,1.0,0.0,4.0,1.0,0.0,5.0,0.0,0.0,7.0,1.0,0.0,4.0,1.0,0.0,0,3
23,1,3.0,2.0,0.0,1.0,6.0,4.0,3.0,0.0,6.0,1.0,0.0,3.0,2.0,0.0,5.0,0.0,0.0,7.0,1.0,0.0,4.0,1.0,0.0,0,3
23,2,1.0,0.0,0.0,1.0,6.0,4.0,3.0,0.0,6.0,1.0,0.0,3.0,2.0,0.0,5.0,0.0,0.0,5.0,3.0,0.0,4.0,1.0,0.0,0,3
23,3,1.0,0.0,0.0,1.0,6.0,4.0,3.0,0.0,6.0,1.0,0.0,3.0,2.0,0.0,5.0,0.0,0.0,5.0,3.0,0.0,4.0,1.0,0.0,0,3
23,4,1.0,0.0,0.0,1.0,6.0,4.0,3.0,0.0,6.0,1.0,0.0,3.0,2.0,0.0,5.0,0.0,0.0,5.0,3.0,0.0,4.0,1.0,0.0,0,3
23,5,1.0,0.0,0.0,1.0,6.0,4.0,3.0,0.0,6.0,1.0,0.0,3.0,2.0,0.0,5.0,0.0,0.0,5.0,3.0,0.0,4.0,1.0,0.0,0,3
23,6,1.0,0.0,0.0,1.0,6.0,4.0,3.0,0.0,6.0,1.0,0.0,3.0,2.0,0.0,5.0,0.0,0.0,5.0,3.0,0.0,4.0,1.0,0.0,0,3
23,7,1.0,0.0,0.0,1.0,6.0,4.0,3.0,0.0,6.0,1.0,0.0,3.0,2.0,0.0,5.0,0.0,0.0,5.0,3.0,0.0,4.0,1.0,0.0,0,3
23,8,1.0,0.0,0.0,1.0,6.0,4.0,3.0,0.0,6.0,1.0,0.0,3.0,2.0,0.0,5.0,0.0,0.0,5.0,3.0,0.0,4.0,1.0,0.0,0,3
23,9,1.0,0.0,0.0,1.0,6.0,4.0,3.0,0.0,6.0,1.0,0.0,3.0,2.0,0.0,5.0,0.0,0.0,5.0,3.0,0.0,4.0,1.0,0.0,0,3
23,10,1.0,0.0,0.0,1.0,6.0,4.0,3.0,0.0,6.0,1.0,0.0,3.0,2.0,0.0,5.0,0.0,0.0,5.0,3.0,0.0,4.0,1.0,0.0,0,3
23,11,1.0,0.0,0.0,1.0,6.0,4.0,3.0,0.0,6.0,1.0,0.0,3.0,2.0,0.0,5.0,0.0,0.0,5.0,3.0,0.0,4.0,1.0,0.0,0,3
24,0,2.0,0.0,0.0,2.0,6.0,5.0,1.0,0.0,3.0,2.0,0.0,4.0,2.0,0.0,6.0,2.0,0.0,7.0,3.0,0.0,5.0,3.0,0.0,1,3
24,1,2.0,0.0,0.0,2.0,6.0,5.0,1.0,0.0,3.0,2.0,0.0,4.0,2.0,0.0,6.0,2.0,0.0,7.0,3.0,0.0,5.0,3.0,0.0,1,3
24,2,2.0,0.0,0.0,2.0,6.0,5.0,1.0,0.0,3.0,2.0,0.0,4.0,2.0,0.0,6.0,2.0,0.0,7.0,3.0,0.0,5.0,3.0,0.0,1,3
24,3,2.0,0.0,0.0,2.0,6.0,5.0,1.0,0.0,3.0,2.0,0.0,4.0,2.0,0.0,6.0,2.0,0.0,7.0,3.0,0.0,5.0,3.0,0.0,1,3
24,4,2.0,0.0,0.0,2.0,6.0,5.0,1.0,0.0,3.0,2.0,0.0,4.0,2.0,0.0,6.0,2.0,0.0,7.0,3.0,0.0,5.0,3.0,0.0,1,3
24,5,2.0,0.0,0.0,2.0,6.0,5.0,1.0,0.0,3.0,2.0,0.0,4.0,2.0,0.0,6.0,2.0,0.0,7.0,3.0,0.0,5.0,3.0,0.0,1,3
24,6,2.0,0.0,0.0,2.0,6.0,5.0,1.0,0.0,3.0,2.0,0.0,4.0,2.0,0.0,6.0,2.0,0.0,7.0,3.0,0.0,5.0,3.0,0.0,1,3
24,7,2.0,0.0,0.0,2.0,6.0,5.0,1.0,0.0,3.0,2.0,0.0,4.0,2.0,0.0,6.0,2.0,0.0,7.0,3.0,0.0,5.0,3.0,0.0,1,3
24,8,2.0,0.0,0.0,2.0,6.0,5.0,1.0,0.0,3.0,2.0,0.0,4.0,2.0,0.0,6.0,2.0,0.0,7.0,3.0,0.0,5.0,3.0,0.0,1,3
24,9,2.0,0.0,0.0,2.0,6.0,5.0,1.0,0.0,3.0,2.0,0.0,4.0,2.0,0.0,6.0,2.0,0.0,7.0,3.0,0.0,5.0,3.0,0.0,1,3
24,10,2.0,0.0,0.0,2.0,6.0,5.0,1.0,0.0,3.0,2.0,0.0,4.0,2.0,0.0,6.0,2.0,0.0,7.0,3.0,0.0,5.0,3.0,0.0,1,3
24,11,2.0,0.0,0.0,2.0,6.0,5.0,1.0,0.0,3.0,2.0,0.0,4.0,2.0,0.0,6.0,2.0,0.0,7.0,3.0,0.0,5.0,3.0,0.0,1,3
25,0,5.0,2.0,0.0,3.0,6.0,5.0,1.0,0.0,9.0,1.0,0.0,6.0,1.0,0.0,6.0,1.0,0.0,3.0,1.0,0.0,4.0,3.0,0.0,0,3
25,1,5.0,2.0,0.0,3.0,6.0,5.0,1.0,0.0,9.0,1.0,0.0,6.0,1.0,0.0,6.0,1.0,0.0,3.0,1.0,0.0,4.0,3.0,0.0,0,3
25,2,5.0,2.0,0.0,3.0,6.0,5.0,1.0,0.0,9.0,1.0,0.0,6.0,1.0,0.0,6.0,1.0,0.0,3.0,1.0,0.0,4.0,3.0,0.0,0,3
25,3,3.0,1.0,0.0,2.0,6.0,5.0,1.0,0.0,9.0,1.0,0.0,6.0,1.0,0.0,4.0,3.0,0.0,3.0,1.0,0.0,4.0,3.0,0.0,0,3
25,4,3.0,1.0,0.0,2.0,6.0,5.0,1.0,0.0,9.0,1.0,0.0,6.0,1.0,0.0,4.0,3.0,0.0,3.0,1.0,0.0,4.0,3.0,0.0,0,3
25,5,3.0,1.0,0.0,2.0,6.0,5.0,1.0,0.0,9.0,1.0,0.0,6.0,1.0,0.0,4.0,3.0,0.0,3.0,1.0,0.0,4.0,3.0,0.0,0,3
25,6,3.0,1.0,0.0,2.0,6.0,5.0,1.0,0.0,9.0,1.0,0.0,6.0,1.0,0.0,4.0,3.0,0.0,3.0,1.0,0.0,4.0,3.0,0.0,0,3
25,7,3.0,1.0,0.0,2.0,6.0,5.0,1.0,0.0,9.0,1.0,0.0,6.0,1.0,0.0,4.0,3.0,0.0,3.0,1.0,0.0,4.0,3.0,0.0,0,3
25,8,3.0,1.0,0.0,2.0,6.0,5.0,1.0,0.0,9.0,1.0,0.0,6.0,1.0,0.0,4.0,3.0,0.0,3.0,1.0,0.0,4.0,3.0,0.0,0,3
25,9,3.0,1.0,0.0,2.0,6.0,5.0,1.0,0.0,9.0,1.0,0.0,6.0,1.0,0.0,4.0,3.0,0.0,3.0,1.0,0.0,4.0,3.0,0.0,0,3
25,10,3.0,1.0,0.0,2.0,6.0,5.0,1.0,0.0,9.0,1.0,0.0,6.0,1.0,0.0,4.0,3.0,0.0,3.0,1.0,0.0,4.0,3.0,0.0,0,3
25,11,3.0,1.0,0.0,2.0,6.0,5.0,1.0,0.0,9.0,1.0,0.0,6.0,1.0,0.0,4.0,3.0,0.0,3.0,1.0,0.0,4.0,3.0,0.0,0,3
26,0,0.0,0.0,0.0,0.0,6.0,2.0,2.0,0.0,2.0,2.0,0.0,8.0,2.0,0.0,5.0,1.0,0.0,7.0,4.0,0.0,9.0,1.0,0.0,0,3
26,1,0.0,0.0,0.0,0.0,6.0,2.0,2.0,0.0,2.0,2.0,0.0,8.0,2.0,0.0,5.0,1.0,0.0,7.0,4.0,0.0,9.0,1.0,0.0,0,3
26,2,0.0,0.0,0.0,0.0,6.0,2.0,2.0,0.0,2.0,2.0,0.0,8.0,2.0,0.0,5.0,1.0,0.0,7.0,4.0,0.0,9.0,1.0,0.0,0,3
26,3,0.0,0.0,0.0,0.0,6.0,2.0,2.0,0.0,2.0,2.0,0.0,8.0,2.0,0.0,5.0,1.0,0.0,7.0,4.0,0.0,9.0,1.0,0.0,0,3
26,4,0.0,0.0,0.0,0.0,6.0,2.0,2.0,0.0,2.0,2.0,0.0,8.0,2.0,0.0,5.0,1.0,0.0,7.0,4.0,0.0,9.0,1.0,0.0,0,3
26,5,0.0,0.0,0.0,0.0,6.0,2.0,2.0,0.0,2.0,2.0,0.0,8.0,2.0,0.0,5.0,1.0,0.0,7.0,4.0,0.0,9.0,1.0,0.0,0,3
26,6,0.0,0.0,0.0,0.0,6.0,2.0,2.0,0.0,2.0,2.0,0.0,8.0,2.0,0.0,5.0,1.0,0.0,7.0,4.0,0.0,9.0,1.0,0.0,0,3
26,7,0.0,0.0,0.0,0.0,6.0,2.0,2.0,0.0,2.0,2.0,0.0,8.0,2.0,0.0,5.0,1.0,0.0,7.0,4.0,0.0,9.0,1.0,0.0,0,3
26,8,0.0,0.0,0.0,0.0,6.0,2.0,2.0,0.0,2.0,2.0,0.0,8.0,2.0,0.0,5.0,1.0,0.0,7.0,4.0,0.0,9.0,1.0,0.0,0,3
26,9,0.0,0.0,0.0,0.0,6.0,2.0,2.0,0.0,2.0,2.0,0.0,8.0,2.0,0.0,5.0,1.0,0.0,7.0,4.0,0.0,9.0,1.0,0.0,0,3
26,10,0.0,0.0,0.0,0.0,6.0,2.0,2.0,0.0,2.0,2.0,0.0,8.0,2.0,0.0,5.0,1.0,0.0,7.0,4.0,0.0,9.0,1.0,0.0,0,3
26,11,0.0,0.0,0.0,0.0,6.0,2.0,2.0,0.0,2.0,2.0,0.0,8.0,2.0,0.0,5.0,1.0,0.0,7.0,4.0,0.0,9.0,1.0,0.0,0,3
27,0,4.0,1.0,0.0,3.0,6.0,10.0,2.0,0.0,10.0,4.0,0.0,5.0,3.0,0.0,12.0,1.0,0.0,10.0,1.0,0.0,9.0,6.0,0.0,1,3
27,1,4.0,1.0,0.0,3.0,6.0,10.0,2.0,0.0,10.0,4.0,0.0,5.0,3.0,0.0,12.0,1.0,0.0,10.0,1.0,0.0,9.0,6.0,0.0,1,3
27,2,4.0,1.0,0.0,3.0,6.0,10.0,2.0,0.0,10.0,4.0,0.0,5.0,3.0,0.0,12.0,1.0,0.0,10.0,1.0,0.0,9.0,6.0,0.0,1,3
27,3,4.0,1.0,0.0,3.0,6.0,10.0,2.0,0.0,10.0,4.0,0.0,5.0,3.0,0.0,12.0,1.0,0.0,10.0,1.0,0.0,9.0,6.0,0.0,1,3
27,4,4.0,1.0,0.0,3.0,6.0,10.0,2.0,0.0,10.0,4.0,0.0,5.0,3.0,0.0,12.0,1.0,0.0,10.0,1.0,0.0,9.0,6.0,0.0,1,3
27,5,4.0,1.0,0.0,3.0,6.0,10.0,2.0,0.0,10.0,4.0,0.0,5.0,3.0,0.0,12.0,1.0,0.0,10.0,1.0,0.0,9.0,6.0,0.0,1,3
27,6,4.0,1.0,0.0,3.0,6.0,10.0,2.0,0.0,10.0,4.0,0.0,5.0,3.0,0.0,12.0,1.0,0.0,10.0,1.0,0.0,9.0,6.0,0.0,1,3
27,7,4.0,1.0,0.0,3.0,6.0,10.0,2.0,0.0,10.0,4.0,0.0,5.0,3.0,0.0,12.0,1.0,0.0,10.0,1.0,0.0,9.0,6.0,0.0,1,3
27,8,4.0,1.0,0.0,3.0,6.0,10.0,2.0,0.0,10.0,4.0,0.0,5.0,3.0,0.0,12.0,1.0,0.0,10.0,1.0,0.0,9.0,6.0,0.0,1,3
27,9,4.0,1.0,0.0,3.0,6.0,10.0,2.0,0.0,10.0,4.0,0.0,5.0,3.0,0.0,12.0,1.0,0.0,10.0,1.0,0.0,9.0,6.0,0.0,1,3
27,10,4.0,1.0,0.0,3.0,6.0,10.0,2.0,0.0,10.0,4.0,0.0,5.0,3.0,0.0,12.0,1.0,0.0,10.0,1.0,0.0,9.0,6.0,0.0,1,3
27,11,4.0,1.0,0.0,3.0,6.0,10.0,2.0,0.0,10.0,4.0,0.0,5.0,3.0,0.0,12.0,1.0,0.0,10.0,1.0,0.0,9.0,6.0,0.0,1,3
28,0,0.0,0.0,0.0,0.0,6.0,12.0,1.0,0.0,6.0,3.0,0.0,15.0,4.0,0.0,11.0,5.0,0.0,7.0,3.0,0.0,11.0,10.0,0.0,0,3
28,1,0.0,0.0,0.0,0.0,6.0,12.0,1.0,0.0,6.0,3.0,0.0,15.0,4.0,0.0,11.0,5.0,0.0,7.0,3.0,0.0,11.0,10.0,0.0,0,3
28,2,0.0,0.0,0.0,0.0,6.0,12.0,1.0,0.0,6.0,3.0,0.0,15.0,4.0,0.0,11.0,5.0,0.0,7.0,3.0,0.0,11.0,10.0,0.0,0,3
28,3,0.0,0.0,0.0,0.0,6.0,12.0,1.0,0.0,6.0,3.0,0.0,15.0,4.0,0.0,11.0,5.0,0.0,7.0,3.0,0.0,11.0,10.0,0.0,0,3
28,4,0.0,0.0,0.0,0.0,6.0,12.0,1.0,0.0,6.0,3.0,0.0,15.0,4.0,0.0,11.0,5.0,0.0,7.0,3.0,0.0,11.0,10.0,0.0,0,3
28,5,0.0,0.0,0.0,0.0,6.0,12.0,1.0,0.0,6.0,3.0,0.0,15.0,4.0,0.0,11.0,5.0,0.0,7.0,3.0,0.0,11.0,10.0,0.0,0,3
28,6,0.0,0.0,0.0,0.0,6.0,12.0,1.0,0.0,6.0,3.0,0.0,15.0,4.0,0.0,11.0,5.0,0.0,7.0,3.0,0.0,11.0,10.0,0.0,0,3
28,7,0.0,0.0,0.0,0.0,6.0,12.0,1.0,0.0,6.0,3.0,0.0,15.0,4.0,0.0,11.0,5.0,0.0,7.0,3.0,0.0,11.0,10.0,0.0,0,3
28,8,0.0,0.0,0.0,0.0,6.0,12.0,1.0,0.0,6.0,3.0,0.0,15.0,4.0,0.0,11.0,5.0,0.0,7.0,3.0,0.0,11.0,10.0,0.0,0,3
28,9,0.0,0.0,0.0,0.0,6.0,12.0,1.0,0.0,6.0,3.0,0.0,15.0,4.0,0.0,11.0,5.0,0.0,7.0,3.0,0.0,11.0,10.0,0.0,0,3
28,10,0.0,0.0,0.0,0.0,6.0,12.0,1.0,0.0,6.0,3.0,0.0,15.0,4.0,0.0,11.0,5.0,0.0,7.0,3.0,0.0,11.0,10.0,0.0,0,3
28,11,0.0,0.0,0.0,0.0,6.0,12.0,1.0,0.0,6.0,3.0,0.0,15.0,4.0,0.0,11.0,5.0,0.0,7.0,3.0,0.0,11.0,10.0,0.0,0,3
29,0,2.0,0.0,2.0,0.0,6.0,8.0,3.0,0.0,7.0,2.0,0.0,6.0,4.0,0.0,6.0,2.0,0.0,9.0,1.0,0.0,5.0,2.0,0.0,0,3
29,1,2.0,0.0,2.0,0.0,6.0,8.0,3.0,0.0,7.0,2.0,0.0,6.0,4.0,0.0,6.0,2.0,0.0,9.0,1.0,0.0,5.0,2.0,0.0,0,3
29,2,2.0,0.0,2.0,0.0,6.0,8.0,3.0,0.0,7.0,2.0,0.0,6.0,4.0,0.0,6.0,2.0,0.0,9.0,1.0,0.0,5.0,2.0,0.0,0,3
29,3,2.0,0.0,2.0,0.0,6.0,8.0,3.0,0.0,7.0,2.0,0.0,6.0,4.0,0.0,6.0,2.0,0.0,9.0,1.0,0.0,5.0,2.0,0.0,0,3
29,4,2.0,0.0,2.0,0.0,6.0,8.0,3.0,0.0,7.0,2.0,0.0,6.0,4.0,0.0,6.0,2.0,0.0,9.0,1.0,0.0,5.0,2.0,0.0,0,3
29,5,2.0,0.0,2.0,0.0,6.0,8.0,3.0,0.0,7.0,2.0,0.0,6.0,4.0,0.0,6.0,2.0,0.0,9.0,1.0,0.0,5.0,2.0,0.0,0,3
29,6,2.0,0.0,2.0,0.0,6.0,8.0,3.0,0.0,7.0,2.0,0.0,6.0,4.0,0.0,6.0,2.0,0.0,9.0,1.0,0.0,5.0,2.0,0.0,0,3
29,7,2.0,0.0,2.0,0.0,6.0,8.0,3.0,0.0,7.0,2.0,0.0,6.0,4.0,0.0,6.0,2.0,0.0,9.0,1.0,0.0,5.0,2.0,0.0,0,3
29,8,2.0,0.0,2.0,0.0,6.0,8.0,3.0,0.0,7.0,2.0,0.0,6.0,4.0,0.0,6.0,2.0,0.0,9.0,1.0,0.0,5.0,2.0,0.0,0,3
29,9,2.0,0.0,2.0,0.0,6.0,8.0,3.0,0.0,7.0,2.0,0.0,6.0,4.0,0.0,6.0,2.0,0.0,9.0,1.0,0.0,5.0,2.0,0.0,0,3
29,10,2.0,0.0,2.0,0.0,6.0,8.0,3.0,0.0,7.0,2.0,0.0,6.0,4.0,0.0,6.0,2.0,0.0,9.0,1.0,0.0,5.0,2.0,0.0,0,3
29,11,2.0,0.0,2.0,0.0,6.0,8.0,3.0,0.0,7.0,2.0,0.0,6.0,4.0,0.0,6.0,2.0,0.0,9.0,1.0,0.0,5.0,2.0,0.0,0,3
30,0,0.0,0.0,0.0,0.0,6.0,7.0,1.0,0.0,2.0,1.0,0.0,16.0,3.0,0.0,13.0,4.0,0.0,9.0,5.0,0.0,9.0,4.0,0.0,1,3
30,1,0.0,0.0,0.0,0.0,6.0,7.0,1.0,0.0,2.0,1.0,0.0,16.0,3.0,0.0,13.0,4.0,0.0,9.0,5.0,0.0,9.0,4.0,0.0,1,3
30,2,0.0,0.0,0.0,0.0,6.0,7.0,1.0,0.0,2.0,1.0,0.0,16.0,3.0,0.0,13.0,4.0,0.0,9.0,5.0,0.0,9.0,4.0,0.0,1,3
30,3,0.0,0.0,0.0,0.0,6.0,7.0,1.0,0.0,2.0,1.0,0.0,16.0,3.0,0.0,13.0,4.0,0.0,9.0,5.0,0.0,9.0,4.0,0.0,1,3
30,4,0.0,0.0,0.0,0.0,6.0,7.0,1.0,0.0,2.0,1.0,0.0,16.0,3.0,0.0,13.0,4.0,0.0,9.0,5.0,0.0,9.0,4.0,0.0,1,3
30,5,0.0,0.0,0.0,0.0,6.0,7.0,1.0,0.0,2.0,1.0,0.0,16.0,3.0,0.0,13.0,4.0,0.0,9.0,5.0,0.0,9.0,4.0,0.0,1,3
30,6,0.0,0.0,0.0,0.0,6.0,7.0,1.0,0.0,2.0,1.0,0.0,16.0,3.0,0.0,13.0,4.0,0.0,9.0,5.0,0.0,9.0,4.0,0.0,1,3
30,7,0.0,0.0,0.0,0.0,6.0,7.0,1.0,0.0,2.0,1.0,0.0,16.0,3.0,0.0,13.0,4.0,0.0,9.0,5.0,0.0,9.0,4.0,0.0,1,3
30,8,0.0,0.0,0.0,0.0,6.0,7.0,1.0,0.0,2.0,1.0,0.0,16.0,3.0,0.0,13.0,4.0,0.0,9.0,5.0,0.0,9.0,4.0,0.0,1,3
30,9,0.0,0.0,0.0,0.0,6.0,7.0,1.0,0.0,2.0,1.0,0.0,16.0,3.0,0.0,13.0,4.0,0.0,9.0,5.0,0.0,9.0,4.0,0.0,1,3
30,10,0.0,0.0,0.0,0.0,6.0,7.0,1.0,0.0,2.0,1.0,0.0,16.0,3.0,0.0,13.0,4.0,0.0,9.0,5.0,0.0,9.0,4.0,0.0,1,3
30,11,0.0,0.0,0.0,0.0,6.0,7.0,1.0,0.0,2.0,1.0,0.0,16.0,3.0,0.0,13.0,4.0,0.0,9.0,5.0,0.0,9.0,4.0,0.0,1,3
31,0,0.0,0.0,0.0,0.0,6.0,3.0,3.0,0.0,5.0,1.0,0.0,8.0,3.0,0.0,11.0,3.0,0.0,6.0,3.0,0.0,12.0,2.0,0.0,0,3
31,1,0.0,0.0,0.0,0.0,6.0,3.0,3.0,0.0,5.0,1.0,0.0,8.0,3.0,0.0,11.0,3.0,0.0,6.0,3.0,0.0,12.0,2.0,0.0,0,3
31,2,0.0,0.0,0.0,0.0,6.0,3.0,3.0,0.0,5.0,1.0,0.0,8.0,3.0,0.0,11.0,3.0,0.0,6.0,3.0,0.0,12.0,2.0,0.0,0,3
31,3,0.0,0.0,0.0,0.0,6.0,3.0,3.0,0.0,5.0,1.0,0.0,8.0,3.0,0.0,11.0,3.0,0.0,6.0,3.0,0.0,12.0,2.0,0.0,0,3
31,4,0.0,0.0,0.0,0.0,6.0,3.0,3.0,0.0,5.0,1.0,0.0,8.0,3.0,0.0,11.0,3.0,0.0,6.0,3.0,0.0,12.0,2.0,0.0,0,3
31,5,0.0,0.0,0.0,0.0,6.0,3.0,3.0,0.0,5.0,1.0,0.0,8.0,3.0,0.0,11.0,3.0,0.0,6.0,3.0,0.0,12.0,2.0,0.0,0,3
31,6,0.0,0.0,0.0,0.0,6.0,3.0,3.0,0.0,5.0,1.0,0.0,8.0,3.0,0.0,11.0,3.0,0.0,6.0,3.0,0.0,12.0,2.0,0.0,0,3
31,7,0.0,0.0,0.0,0.0,6.0,3.0,3.0,0.0,5.0,1.0,0.0,8.0,3.0,0.0,11.0,3.0,0.0,6.0,3.0,0.0,12.0,2.0,0.0,0,3
31,8,0.0,0.0,0.0,0.0,6.0,3.0,3.0,0.0,5.0,1.0,0.0,8.0,3.0,0.0,11.0,3.0,0.0,6.0,3.0,0.0,12.0,2.0,0.0,0,3
31,9,0.0,0.0,0.0,0.0,6.0,3.0,3.0,0.0,5.0,1.0,0.0,8.0,3.0,0.0,11.0,3.0,0.0,6.0,3.0,0.0,12.0,2.0,0.0,0,3
31,10,0.0,0.0,0.0,0.0,6.0,3.0,3.0,0.0,5.0,1.0,0.0,8.0,3.0,0.0,11.0,3.0,0.0,6.0,3.0,0.0,12.0,2.0,0.0,0,3
31,11,0.0,0.0,0.0,0.0,6.0,3.0,3.0,0.0,5.0,1.0,0.0,8.0,3.0,0.0,11.0,3.0,0.0,6.0,3.0,0.0,12.0,2.0,0.0,0,3
32,0,9.0,6.0,1.0,2.0,6.0,8.0,3.0,0.0,10.0,1.0,0.0,14.0,3.0,0.0,8.0,0.0,0.0,13.0,1.0,0.0,3.0,1.0,0.0,0,3
32,1,6.0,5.0,0.0,1.0,6.0,5.0,6.0,0.0,10.0,1.0,0.0,14.0,3.0,0.0,8.0,0.0,0.0,13.0,1.0,0.0,3.0,1.0,0.0,0,3
32,2,6.0,5.0,0.0,1.0,6.0,5.0,6.0,0.0,10.0,1.0,0.0,14.0,3.0,0.0,8.0,0.0,0.0,13.0,1.0,0.0,3.0,1.0,0.0,0,3
32,3,6.0,5.0,0.0,1.0,6.0,5.0,6.0,0.0,10.0,1.0,0.0,14.0,3.0,0.0,8.0,0.0,0.0,13.0,1.0,0.0,3.0,1.0,0.0,0,3
32,4,6.0,5.0,0.0,1.0,6.0,5.0,6.0,0.0,10.0,1.0,0.0,14.0,3.0,0.0,8.0,0.0,0.0,13.0,1.0,0.0,3.0,1.0,0.0,0,3
32,5,6.0,5.0,0.0,1.0,6.0,5.0,6.0,0.0,10.0,1.0,0.0,14.0,3.0,0.0,8.0,0.0,0.0,13.0,1.0,0.0,3.0,1.0,0.0,0,3
32,6,6.0,5.0,0.0,1.0,6.0,5.0,6.0,0.0,10.0,1.0,0.0,14.0,3.0,0.0,8.0,0.0,0.0,13.0,1.0,0.0,3.0,1.0,0.0,0,3
32,7,6.0,5.0,0.0,1.0,6.0,5.0,6.0,0.0,10.0,1.0,0.0,14.0,3.0,0.0,8.0,0.0,0.0,13.0,1.0,0.0,3.0,1.0,0.0,0,3
32,8,6.0,5.0,0.0,1.0,6.0,5.0,6.0,0.0,10.0,1.0,0.0,14.0,3.0,0.0,8.0,0.0,0.0,13.0,1.0,0.0,3.0,1.0,0.0,0,3
32,9,6.0,5.0,0.0,1.0,6.0,5.0,6.0,0.0,10.0,1.0,0.0,14.0,3.0,0.0,8.0,0.0,0.0,13.0,1.0,0.0,3.0,1.0,0.0,0,3
32,10,6.0,5.0,0.0,1.0,6.0,5.0,6.0,0.0,10.0,1.0,0.0,14.0,3.0,0.0,8.0,0.0,0.0,13.0,1.0,0.0,3.0,1.0,0.0,0,3
32,11,6.0,5.0,0.0,1.0,6.0,5.0,6.0,0.0,10.0,1.0,0.0,14.0,3.0,0.0,8.0,0.0,0.0,13.0,1.0,0.0,3.0,1.0,0.0,0,3
33,0,0.0,0.0,0.0,0.0,6.0,2.0,1.0,0.0,3.0,3.0,0.0,9.0,2.0,0.0,10.0,3.0,0.0,12.0,2.0,0.0,8.0,5.0,0.0,1,3
33,1,0.0,0.0,0.0,0.0,6.0,2.0,1.0,0.0,3.0,3.0,0.0,9.0,2.0,0.0,10.0,3.0,0.0,12.0,2.0,0.0,8.0,5.0,0.0,1,3
33,2,0.0,0.0,0.0,0.0,6.0,2.0,1.0,0.0,3.0,3.0,0.0,9.0,2.0,0.0,10.0,3.0,0.0,12.0,2.0,0.0,8.0,5.0,0.0,1,3
33,3,0.0,0.0,0.0,0.0,6.0,2.0,1.0,0.0,3.0,3.0,0.0,9.0,2.0,0.0,10.0,3.0,0.0,12.0,2.0,0.0,8.0,5.0,0.0,1,3
33,4,0.0,0.0,0.0,0.0,6.0,2.0,1.0,0.0,3.0,3.0,0.0,9.0,2.0,0.0,10.0,3.0,0.0,12.0,2.0,0.0,8.0,5.0,0.0,1,3
33,5,0.0,0.0,0.0,0.0,6.0,2.0,1.0,0.0,3.0,3.0,0.0,9.0,2.0,0.0,10.0,3.0,0.0,12.0,2.0,0.0,8.0,5.0,0.0,1,3
33,6,0.0,0.0,0.0,0.0,6.0,2.0,1.0,0.0,3.0,3.0,0.0,9.0,2.0,0.0,10.0,3.0,0.0,12.0,2.0,0.0,8.0,5.0,0.0,1,3
33,7,0.0,0.0,0.0,0.0,6.0,2.0,1.0,0.0,3.0,3.0,0.0,9.0,2.0,0.0,10.0,3.0,0.0,12.0,2.0,0.0,8.0,5.0,0.0,1,3
33,8,0.0,0.0,0.0,0.0,6.0,2.0,1.0,0.0,3.0,3.0,0.0,9.0,2.0,0.0,10.0,3.0,0.0,12.0,2.0,0.0,8.0,5.0,0.0,1,3
33,9,0.0,0.0,0.0,0.0,6.0,2.0,1.0,0.0,3.0,3.0,0.0,9.0,2.0,0.0,10.0,3.0,0.0,12.0,2.0,0.0,8.0,5.0,0.0,1,3
33,10,0.0,0.0,0.0,0.0,6.0,2.0,1.0,0.0,3.0,3.0,0.0,9.0,2.0,0.0,10.0,3.0,0.0,12.0,2.0,0.0,8.0,5.0,0.0,1,3
33,11,0.0,0.0,0.0,0.0,6.0,2.0,1.0,0.0,3.0,3.0,0.0,9.0,2.0,0.0,10.0,3.0,0.0,12.0,2.0,0.0,8.0,5.0,0.0,1,3
34,0,5.0,1.0,4.0,0.0,6.0,9.0,3.0,0.0,8.0,4.0,0.0,6.0,1.0,0.0,7.0,3.0,0.0,6.0,1.0,0.0,9.0,3.0,0.0,0,3
34,1,5.0,1.0,4.0,0.0,6.0,9.0,3.0,0.0,8.0,4.0,0.0,6.0,1.0,0.0,7.0,3.0,0.0,6.0,1.0,0.0,9.0,3.0,0.0,0,3
34,2,5.0,1.0,4.0,0.0,6.0,9.0,3.0,0.0,8.0,4.0,0.0,6.0,1.0,0.0,7.0,3.0,0.0,6.0,1.0,0.0,9.0,3.0,0.0,0,3
34,3,5.0,1.0,4.0,0.0,6.0,9.0,3.0,0.0,8.0,4.0,0.0,6.0,1.0,0.0,7.0,3.0,0.0,6.0,1.0,0.0,9.0,3.0,0.0,0,3
34,4,5.0,1.0,4.0,0.0,6.0,9.0,3.0,0.0,8.0,4.0,0.0,6.0,1.0,0.0,7.0,3.0,0.0,6.0,1.0,0.0,9.0,3.0,0.0,0,3
34,5,5.0,1.0,4.0,0.0,6.0,9.0,3.0,0.0,8.0,4.0,0.0,6.0,1.0,0.0,7.0,3.0,0.0,6.0,1.0,0.0,9.0,3.0,0.0,0,3
34,6,5.0,1.0,4.0,0.0,6.0,9.0,3.0,0.0,8.0,4.0,0.0,6.0,1.0,0.0,7.0,3.0,0.0,6.0,1.0,0.0,9.0,3.0,0.0,0,3
34,7,5.0,1.0,4.0,0.0,6.0,9.0,3.0,0.0,8.0,4.0,0.0,6.0,1.0,0.0,7.0,3.0,0.0,6.0,1.0,0.0,9.0,3.0,0.0,0,3
34,8,5.0,1.0,4.0,0.0,6.0,9.0,3.0,0.0,8.0,4.0,0.0,6.0,1.0,0.0,7.0,3.0,0.0,6.0,1.0,0.0,9.0,3.0,0.0,0,3
34,9,5.0,1.0,4.0,0.0,6.0,9.0,3.0,0.0,8.0,4.0,0.0,6.0,1.0,0.0,7.0,3.0,0.0,6.0,1.0,0.0,9.0,3.0,0.0,0,3
34,10,5.0,1.0,4.0,0.0,6.0,9.0,3.0,0.0,8.0,4.0,0.0,6.0,1.0,0.0,7.0,3.0,0.0,6.0,1.0,0.0,9.0,3.0,0.0,0,3
34,11,5.0,1.0,4.0,0.0,6.0,9.0,3.0,0.0,8.0,4.0,0.0,6.0,1.0,0.0,7.0,3.0,0.0,6.0,1.0,0.0,9.0,3.0,0.0,0,3
35,0,5.0,2.0,1.0,2.0,6.0,6.0,4.0,0.0,5.0,1.0,0.0,5.0,1.0,0.0,6.0,2.0,0.0,14.0,1.0,0.0,6.0,3.0,0.0,0,3
35,1,2.0,1.0,0.0,1.0,6.0,3.0,7.0,0.0,5.0,1.0,0.0,5.0,1.0,0.0,6.0,2.0,0.0,14.0,1.0,0.0,6.0,3.0,0.0,0,3
35,2,2.0,1.0,0.0,1.0,6.0,3.0,7.0,0.0,5.0,1.0,0.0,5.0,1.0,0.0,6.0,2.0,0.0,14.0,1.0,0.0,6.0,3.0,0.0,0,3
35,3,2.0,1.0,0.0,1.0,6.0,3.0,7.0,0.0,5.0,1.0,0.0,5.0,1.0,0.0,6.0,2.0,0.0,14.0,1.0,0.0,6.0,3.0,0.0,0,3
35,4,0.0,0.0,0.0,0.0,6.0,3.0,7.0,0.0,5.0,1.0,0.0,5.0,1.0,0.0,6.0,2.0,0.0,14.0,1.0,0.0,4.0,5.0,0.0,0,3
35,5,0.0,0.0,0.0,0.0,6.0,3.0,7.0,0.0,5.0,1.0,0.0,5.0,1.0,0.0,6.0,2.0,0.0,14.0,1.0,0.0,4.0,5.0,0.0,0,3
35,6,0.0,0.0,0.0,0.0,6.0,3.0,7.0,0.0,5.0,1.0,0.0,5.0,1.0,0.0,6.0,2.0,0.0,14.0,1.0,0.0,4.0,5.0,0.0,0,3
35,7,0.0,0.0,0.0,0.0,6.0,3.0,7.0,0.0,5.0,1.0,0.0,5.0,1.0,0.0,6.0,2.0,0.0,14.0,1.0,0.0,4.0,5.0,0.0,0,3
35,8,0.0,0.0,0.0,0.0,6.0,3.0,7.0,0.0,5.0,1.0,0.0,5.0,1.0,0.0,6.0,2.0,0.0,14.0,1.0,0.0,4.0,5.0,0.0,0,3
35,9,0.0,0.0,0.0,0.0,6.0,3.0,7.0,0.0,5.0,1.0,0.0,5.0,1.0,0.0,6.0,2.0,0.0,14.0,1.0,0.0,4.0,5.0,0.0,0,3
35,10,0.0,0.0,0.0,0.0,6.0,3.0,7.0,0.0,5.0,1.0,0.0,5.0,1.0,0.0,6.0,2.0,0.0,14.0,1.0,0.0,4.0,5.0,0.0,0,3
35,11,0.0,0.0,0.0,0.0,6.0,3.0,7.0,0.0,5.0,1.0,0.0,5.0,1.0,0.0,6.0,2.0,0.0,14.0,1.0,0.0,4.0,5.0,0.0,0,3
36,0,7.0,0.0,0.0,7.0,6.0,8.0,1.0,0.0,5.0,2.0,0.0,4.0,1.0,0.0,3.0,0.0,0.0,6.0,3.0,0.0,11.0,0.0,0.0,1,3
36,1,6.0,0.0,0.0,6.0,6.0,8.0,1.0,0.0,5.0,2.0,0.0,4.0,1.0,0.0,3.0,0.0,0.0,5.0,4.0,0.0,11.0,0.0,0.0,1,3
36,2,6.0,0.0,0.0,6.0,6.0,8.0,1.0,0.0,5.0,2.0,0.0,4.0,1.0,0.0,3.0,0.0,0.0,5.0,4.0,0.0,11.0,0.0,0.0,1,3
36,3,6.0,0.0,0.0,6.0,6.0,8.0,1.0,0.0,5.0,2.0,0.0,4.0,1.0,0.0,3.0,0.0,0.0,5.0,4.0,0.0,11.0,0.0,0.0,1,3
36,4,6.0,0.0,0.0,6.0,6.0,8.0,1.0,0.0,5.0,2.0,0.0,4.0,1.0,0.0,3.0,0.0,0.0,5.0,4.0,0.0,11.0,0.0,0.0,1,3
36,5,6.0,0.0,0.0,6.0,6.0,8.0,1.0,0.0,5.0,2.0,0.0,4.0,1.0,0.0,3.0,0.0,0.0,5.0,4.0,0.0,11.0,0.0,0.0,1,3
36,6,6.0,0.0,0.0,6.0,6.0,8.0,1.0,0.0,5.0,2.0,0.0,4.0,1.0,0.0,3.0,0.0,0.0,5.0,4.0,0.0,11.0,0.0,0.0,1,3
36,7,6.0,0.0,0.0,6.0,6.0,8.0,1.0,0.0,5.0,2.0,0.0,4.0,1.0,0.0,3.0,0.0,0.0,5.0,4.0,0.0,11.0,0.0,0.0,1,3
36,8,6.0,0.0,0.0,6.0,6.0,8.0,1.0,0.0,5.0,2.0,0.0,4.0,1.0,0.0,3.0,0.0,0.0,5.0,4.0,0.0,11.0,0.0,0.0,1,3
36,9,6.0,0.0,0.0,6.0,6.0,8.0,1.0,0.0,5.0,2.0,0.0,4.0,1.0,0.0,3.0,0.0,0.0,5.0,4.0,0.0,11.0,0.0,0.0,1,3
36,10,6.0,0.0,0.0,6.0,6.0,8.0,1.0,0.0,5.0,2.0,0.0,4.0,1.0,0.0,3.0,0.0,0.0,5.0,4.0,0.0,11.0,0.0,0.0,1,3
36,11,6.0,0.0,0.0,6.0,6.0,8.0,1.0,0.0,5.0,2.0,0.0,4.0,1.0,0.0,3.0,0.0,0.0,5.0,4.0,0.0,11.0,0.0,0.0,1,3
37,0,4.0,1.0,3.0,0.0,6.0,4.0,1.0,0.0,7.0,0.0,0.0,6.0,1.0,0.0,6.0,2.0,0.0,4.0,2.0,0.0,4.0,2.0,0.0,0,3
37,1,4.0,1.0,3.0,0.0,6.0,4.0,1.0,0.0,7.0,0.0,0.0,6.0,1.0,0.0,6.0,2.0,0.0,4.0,2.0,0.0,4.0,2.0,0.0,0,3
37,2,2.0,1.0,1.0,0.0,6.0,4.0,1.0,0.0,7.0,0.0,0.0,6.0,1.0,0.0,4.0,4.0,0.0,4.0,2.0,0.0,4.0,2.0,0.0,0,3
37,3,0.0,0.0,0.0,0.0,6.0,4.0,1.0,0.0,7.0,0.0,0.0,6.0,1.0,0.0,4.0,4.0,0.0,2.0,4.0,0.0,4.0,2.0,0.0,0,3
37,4,0.0,0.0,0.0,0.0,6.0,4.0,1.0,0.0,7.0,0.0,0.0,6.0,1.0,0.0,4.0,4.0,0.0,2.0,4.0,0.0,4.0,2.0,0.0,0,3
37,5,0.0,0.0,0.0,0.0,6.0,4.0,1.0,0.0,7.0,0.0,0.0,6.0,1.0,0.0,4.0,4.0,0.0,2.0,4.0,0.0,4.0,2.0,0.0,0,3
37,6,0.0,0.0,0.0,0.0,6.0,4.0,1.0,0.0,7.0,0.0,0.0,6.0,1.0,0.0,4.0,4.0,0.0,2.0,4.0,0.0,4.0,2.0,0.0,0,3
37,7,0.0,0.0,0.0,0.0,6.0,4.0,1.0,0.0,7.0,0.0,0.0,6.0,1.0,0.0,4.0,4.0,0.0,2.0,4.0,0.0,4.0,2.0,0.0,0,3
37,8,0.0,0.0,0.0,0.0,6.0,4.0,1.0,0.0,7.0,0.0,0.0,6.0,1.0,0.0,4.0,4.0,0.0,2.0,4.0,0.0,4.0,2.0,0.0,0,3
37,9,0.0,0.0,0.0,0.0,6.0,4.0,1.0,0.0,7.0,0.0,0.0,6.0,1.0,0.0,4.0,4.0,0.0,2.0,4.0,0.0,4.0,2.0,0.0,0,3
37,10,0.0,0.0,0.0,0.0,6.0,4.0,1.0,0.0,7.0,0.0,0.0,6.0,1.0,0.0,4.0,4.0,0.0,2.0,4.0,0.0,4.0,2.0,0.0,0,3
37,11,0.0,0.0,0.0,0.0,6.0,4.0,1.0,0.0,7.0,0.0,0.0,6.0,1.0,0.0,4.0,4.0,0.0,2.0,4.0,0.0,4.0,2.0,0.0,0,3
38,0,6.0,3.0,1.0,2.0,6.0,4.0,0.0,0.0,8.0,0.0,0.0,9.0,1.0,0.0,7.0,1.0,0.0,7.0,1.0,0.0,6.0,4.0,0.0,0,3
38,1,2.0,2.0,0.0,0.0,6.0,1.0,3.0,0.0,8.0,0.0,0.0,9.0,1.0,0.0,7.0,1.0,0.0,6.0,2.0,0.0,6.0,4.0,0.0,0,3
38,2,2.0,2.0,0.0,0.0,6.0,1.0,3.0,0.0,8.0,0.0,0.0,9.0,1.0,0.0,7.0,1.0,0.0,6.0,2.0,0.0,6.0,4.0,0.0,0,3
38,3,2.0,2.0,0.0,0.0,6.0,1.0,3.0,0.0,8.0,0.0,0.0,9.0,1.0,0.0,7.0,1.0,0.0,6.0,2.0,0.0,6.0,4.0,0.0,0,3
38,4,2.0,2.0,0.0,0.0,6.0,1.0,3.0,0.0,8.0,0.0,0.0,9.0,1.0,0.0,7.0,1.0,0.0,6.0,2.0,0.0,6.0,4.0,0.0,0,3
38,5,2.0,2.0,0.0,0.0,6.0,1.0,3.0,0.0,8.0,0.0,0.0,9.0,1.0,0.0,7.0,1.0,0.0,6.0,2.0,0.0,6.0,4.0,0.0,0,3
38,6,2.0,2.0,0.0,0.0,6.0,1.0,3.0,0.0,8.0,0.0,0.0,9.0,1.0,0.0,7.0,1.0,0.0,6.0,2.0,0.0,6.0,4.0,0.0,0,3
38,7,2.0,2.0,0.0,0.0,6.0,1.0,3.0,0.0,8.0,0.0,0.0,9.0,1.0,0.0,7.0,1.0,0.0,6.0,2.0,0.0,6.0,4.0,0.0,0,3
38,8,2.0,2.0,0.0,0.0,6.0,1.0,3.0,0.0,8.0,0.0,0.0,9.0,1.0,0.0,7.0,1.0,0.0,6.0,2.0,0.0,6.0,4.0,0.0,0,3
38,9,2.0,2.0,0.0,0.0,6.0,1.0,3.0,0.0,8.0,0.0,0.0,9.0,1.0,0.0,7.0,1.0,0.0,6.0,2.0,0.0,6.0,4.0,0.0,0,3
38,10,2.0,2.0,0.0,0.0,6.0,1.0,3.0,0.0,8.0,0.0,0.0,9.0,1.0,0.0,7.0,1.0,0.0,6.0,2.0,0.0,6.0,4.0,0.0,0,3
38,11,2.0,2.0,0.0,0.0,6.0,1.0,3.0,0.0,8.0,0.0,0.0,9.0,1.0,0.0,7.0,1.0,0.0,6.0,2.0,0.0,6.0,4.0,0.0,0,3
39,0,1.0,0.0,0.0,1.0,6.0,3.0,2.0,0.0,3.0,1.0,0.0,5.0,1.0,0.0,5.0,0.0,0.0,10.0,5.0,0.0,8.0,5.0,0.0,1,3
39,1,1.0,0.0,0.0,1.0,6.0,3.0,2.0,0.0,3.0,1.0,0.0,5.0,1.0,0.0,5.0,0.0,0.0,10.0,5.0,0.0,8.0,5.0,0.0,1,3
39,2,1.0,0.0,0.0,1.0,6.0,3.0,2.0,0.0,3.0,1.0,0.0,5.0,1.0,0.0,5.0,0.0,0.0,10.0,5.0,0.0,8.0,5.0,0.0,1,3
39,3,1.0,0.0,0.0,1.0,6.0,3.0,2.0,0.0,3.0,1.0,0.0,5.0,1.0,0.0,5.0,0.0,0.0,10.0,5.0,0.0,8.0,5.0,0.0,1,3
39,4,1.0,0.0,0.0,1.0,6.0,3.0,2.0,0.0,3.0,1.0,0.0,5.0,1.0,0.0,5.0,0.0,0.0,10.0,5.0,0.0,8.0,5.0,0.0,1,3
39,5,0.0,0.0,0.0,0.0,6.0,3.0,2.0,0.0,2.0,2.0,0.0,5.0,1.0,0.0,5.0,0.0,0.0,10.0,5.0,0.0,8.0,5.0,0.0,1,3
39,6,0.0,0.0,0.0,0.0,6.0,3.0,2.0,0.0,2.0,2.0,0.0,5.0,1.0,0.0,5.0,0.0,0.0,10.0,5.0,0.0,8.0,5.0,0.0,1,3
39,7,0.0,0.0,0.0,0.0,6.0,3.0,2.0,0.0,2.0,2.0,0.0,5.0,1.0,0.0,5.0,0.0,0.0,10.0,5.0,0.0,8.0,5.0,0.0,1,3
39,8,0.0,0.0,0.0,0.0,6.0,3.0,2.0,0.0,2.0,2.0,0.0,5.0,1.0,0.0,5.0,0.0,0.0,10.0,5.0,0.0,8.0,5.0,0.0,1,3
39,9,0.0,0.0,0.0,0.0,6.0,3.0,2.0,0.0,2.0,2.0,0.0,5.0,1.0,0.0,5.0,0.0,0.0,10.0,5.0,0.0,8.0,5.0,0.0,1,3
39,10,0.0,0.0,0.0,0.0,6.0,3.0,2.0,0.0,2.0,2.0,0.0,5.0,1.0,0.0,5.0,0.0,0.0,10.0,5.0,0.0,8.0,5.0,0.0,1,3
39,11,0.0,0.0,0.0,0.0,6.0,3.0,2.0,0.0,2.0,2.0,0.0,5.0,1.0,0.0,5.0,0.0,0.0,10.0,5.0,0.0,8.0,5.0,0.0,1,3
40,0,3.0,0.0,0.0,3.0,6.0,6.0,3.0,0.0,5.0,2.0,0.0,9.0,0.0,0.0,4.0,1.0,0.0,10.0,1.0,0.0,9.0,3.0,0.0,0,3
40,1,3.0,0.0,0.0,3.0,6.0,6.0,3.0,0.0,5.0,2.0,0.0,9.0,0.0,0.0,4.0,1.0,0.0,10.0,1.0,0.0,9.0,3.0,0.0,0,3
40,2,3.0,0.0,0.0,3.0,6.0,6.0,3.0,0.0,5.0,2.0,0.0,9.0,0.0,0.0,4.0,1.0,0.0,10.0,1.0,0.0,9.0,3.0,0.0,0,3
40,3,3.0,0.0,0.0,3.0,6.0,6.0,3.0,0.0,5.0,2.0,0.0,9.0,0.0,0.0,4.0,1.0,0.0,10.0,1.0,0.0,9.0,3.0,0.0,0,3
40,4,3.0,0.0,0.0,3.0,6.0,6.0,3.0,0.0,5.0,2.0,0.0,9.0,0.0,0.0,4.0,1.0,0.0,10.0,1.0,0.0,9.0,3.0,0.0,0,3
40,5,3.0,0.0,0.0,3.0,6.0,6.0,3.0,0.0,5.0,2.0,0.0,9.0,0.0,0.0,4.0,1.0,0.0,10.0,1.0,0.0,9.0,3.0,0.0,0,3
40,6,3.0,0.0,0.0,3.0,6.0,6.0,3.0,0.0,5.0,2.0,0.0,9.0,0.0,0.0,4.0,1.0,0.0,10.0,1.0,0.0,9.0,3.0,0.0,0,3
40,7,3.0,0.0,0.0,3.0,6.0,6.0,3.0,0.0,5.0,2.0,0.0,9.0,0.0,0.0,4.0,1.0,0.0,10.0,1.0,0.0,9.0,3.0,0.0,0,3
40,8,3.0,0.0,0.0,3.0,6.0,6.0,3.0,0.0,5.0,2.0,0.0,9.0,0.0,0.0,4.0,1.0,0.0,10.0,1.0,0.0,9.0,3.0,0.0,0,3
40,9,3.0,0.0,0.0,3.0,6.0,6.0,3.0,0.0,5.0,2.0,0.0,9.0,0.0,0.0,4.0,1.0,0.0,10.0,1.0,0.0,9.0,3.0,0.0,0,3
40,10,3.0,0.0,0.0,3.0,6.0,6.0,3.0,0.0,5.0,2.0,0.0,9.0,0.0,0.0,4.0,1.0,0.0,10.0,1.0,0.0,9.0,3.0,0.0,0,3
40,11,3.0,0.0,0.0,3.0,6.0,6.0,3.0,0.0,5.0,2.0,0.0,9.0,0.0,0.0,4.0,1.0,0.0,10.0,1.0,0.0,9.0,3.0,0.0,0,3
41,0,3.0,1.0,0.0,2.0,6.0,7.0,4.0,0.0,8.0,1.0,0.0,12.0,3.0,0.0,7.0,4.0,0.0,11.0,3.0,0.0,12.0,4.0,0.0,0,3
41,1,3.0,1.0,0.0,2.0,6.0,7.0,4.0,0.0,8.0,1.0,0.0,12.0,3.0,0.0,7.0,4.0,0.0,11.0,3.0,0.0,12.0,4.0,0.0,0,3
41,2,3.0,1.0,0.0,2.0,6.0,7.0,4.0,0.0,8.0,1.0,0.0,12.0,3.0,0.0,7.0,4.0,0.0,11.0,3.0,0.0,12.0,4.0,0.0,0,3
41,3,3.0,1.0,0.0,2.0,6.0,7.0,4.0,0.0,8.0,1.0,0.0,12.0,3.0,0.0,7.0,4.0,0.0,11.0,3.0,0.0,12.0,4.0,0.0,0,3
41,4,3.0,1.0,0.0,2.0,6.0,7.0,4.0,0.0,8.0,1.0,0.0,12.0,3.0,0.0,7.0,4.0,0.0,11.0,3.0,0.0,12.0,4.0,0.0,0,3
41,5,3.0,1.0,0.0,2.0,6.0,7.0,4.0,0.0,8.0,1.0,0.0,12.0,3.0,0.0,7.0,4.0,0.0,11.0,3.0,0.0,12.0,4.0,0.0,0,3
41,6,3.0,1.0,0.0,2.0,6.0,7.0,4.0,0.0,8.0,1.0,0.0,12.0,3.0,0.0,7.0,4.0,0.0,11.0,3.0,0.0,12.0,4.0,0.0,0,3
41,7,3.0,1.0,0.0,2.0,6.0,7.0,4.0,0.0,8.0,1.0,0.0,12.0,3.0,0.0,7.0,4.0,0.0,11.0,3.0,0.0,12.0,4.0,0.0,0,3
41,8,3.0,1.0,0.0,2.0,6.0,7.0,4.0,0.0,8.0,1.0,0.0,12.0,3.0,0.0,7.0,4.0,0.0,11.0,3.0,0.0,12.0,4.0,0.0,0,3
41,9,3.0,1.0,0.0,2.0,6.0,7.0,4.0,0.0,8.0,1.0,0.0,12.0,3.0,0.0,7.0,4.0,0.0,11.0,3.0,0.0,12.0,4.0,0.0,0,3
41,10,3.0,1.0,0.0,2.0,6.0,7.0,4.0,0.0,8.0,1.0,0.0,12.0,3.0,0.0,7.0,4.0,0.0,11.0,3.0,0.0,12.0,4.0,0.0,0,3
41,11,3.0,1.0,0.0,2.0,6.0,7.0,4.0,0.0,8.0,1.0,0.0,12.0,3.0,0.0,7.0,4.0,0.0,11.0,3.0,0.0,12.0,4.0,0.0,0,3
42,0,2.0,2.0,0.0,0.0,6.0,8.0,1.0,0.0,10.0,4.0,0.0,14.0,1.0,0.0,8.0,2.0,0.0,5.0,4.0,0.0,7.0,4.0,0.0,1,3
42,1,2.0,2.0,0.0,0.0,6.0,8.0,1.0,0.0,10.0,4.0,0.0,14.0,1.0,0.0,8.0,2.0,0.0,5.0,4.0,0.0,7.0,4.0,0.0,1,3
42,2,2.0,2.0,0.0,0.0,6.0,8.0,1.0,0.0,10.0,4.0,0.0,14.0,1.0,0.0,8.0,2.0,0.0,5.0,4.0,0.0,7.0,4.0,0.0,1,3
42,3,2.0,2.0,0.0,0.0,6.0,8.0,1.0,0.0,10.0,4.0,0.0,14.0,1.0,0.0,8.0,2.0,0.0,5.0,4.0,0.0,7.0,4.0,0.0,1,3
42,4,2.0,2.0,0.0,0.0,6.0,8.0,1.0,0.0,10.0,4.0,0.0,14.0,1.0,0.0,8.0,2.0,0.0,5.0,4.0,0.0,7.0,4.0,0.0,1,3
42,5,2.0,2.0,0.0,0.0,6.0,8.0,1.0,0.0,10.0,4.0,0.0,14.0,1.0,0.0,8.0,2.0,0.0,5.0,4.0,0.0,7.0,4.0,0.0,1,3
42,6,2.0,2.0,0.0,0.0,6.0,8.0,1.0,0.0,10.0,4.0,0.0,14.0,1.0,0.0,8.0,2.0,0.0,5.0,4.0,0.0,7.0,4.0,0.0,1,3
42,7,2.0,2.0,0.0,0.0,6.0,8.0,1.0,0.0,10.0,4.0,0.0,14.0,1.0,0.0,8.0,2.0,0.0,5.0,4.0,0.0,7.0,4.0,0.0,1,3
42,8,2.0,2.0,0.0,0.0,6.0,8.0,1.0,0.0,10.0,4.0,0.0,14.0,1.0,0.0,8.0,2.0,0.0,5.0,4.0,0.0,7.0,4.0,0.0,1,3
42,9,2.0,2.0,0.0,0.0,6.0,8.0,1.0,0.0,10.0,4.0,0.0,14.0,1.0,0.0,8.0,2.0,0.0,5.0,4.0,0.0,7.0,4.0,0.0,1,3
42,10,2.0,2.0,0.0,0.0,6.0,8.0,1.0,0.0,10.0,4.0,0.0,14.0,1.0,0.0,8.0,2.0,0.0,5.0,4.0,0.0,7.0,4.0,0.0,1,3
42,11,2.0,2.0,0.0,0.0,6.0,8.0,1.0,0.0,10.0,4.0,0.0,14.0,1.0,0.0,8.0,2.0,0.0,5.0,4.0,0.0,7.0,4.0,0.0,1,3
43,0,2.0,1.0,1.0,0.0,6.0,6.0,2.0,0.0,7.0,1.0,0.0,4.0,3.0,0.0,4.0,2.0,0.0,4.0,2.0,0.0,4.0,2.0,0.0,0,3
43,1,2.0,1.0,1.0,0.0,6.0,6.0,2.0,0.0,7.0,1.0,0.0,4.0,3.0,0.0,4.0,2.0,0.0,4.0,2.0,0.0,4.0,2.0,0.0,0,3
43,2,2.0,1.0,1.0,0.0,6.0,6.0,2.0,0.0,7.0,1.0,0.0,4.0,3.0,0.0,4.0,2.0,0.0,4.0,2.0,0.0,4.0,2.0,0.0,0,3
43,3,2.0,1.0,1.0,0.0,6.0,6.0,2.0,0.0,7.0,1.0,0.0,4.0,3.0,0.0,4.0,2.0,0.0,4.0,2.0,0.0,4.0,2.0,0.0,0,3
43,4,2.0,1.0,1.0,0.0,6.0,6.0,2.0,0.0,7.0,1.0,0.0,4.0,3.0,0.0,4.0,2.0,0.0,4.0,2.0,0.0,4.0,2.0,0.0,0,3
43,5,2.0,1.0,1.0,0.0,6.0,6.0,2.0,0.0,7.0,1.0,0.0,4.0,3.0,0.0,4.0,2.0,0.0,4.0,2.0,0.0,4.0,2.0,0.0,0,3
43,6,1.0,0.0,1.0,0.0,6.0,6.0,2.0,0.0,7.0,1.0,0.0,4.0,3.0,0.0,3.0,3.0,0.0,4.0,2.0,0.0,4.0,2.0,0.0,0,3
43,7,1.0,0.0,1.0,0.0,6.0,6.0,2.0,0.0,7.0,1.0,0.0,4.0,3.0,0.0,3.0,3.0,0.0,4.0,2.0,0.0,4.0,2.0,0.0,0,3
43,8,1.0,0.0,1.0,0.0,6.0,6.0,2.0,0.0,7.0,1.0,0.0,4.0,3.0,0.0,3.0,3.0,0.0,4.0,2.0,0.0,4.0,2.0,0.0,0,3
43,9,1.0,0.0,1.0,0.0,6.0,6.0,2.0,0.0,7.0,1.0,0.0,4.0,3.0,0.0,3.0,3.0,0.0,4.0,2.0,0.0,4.0,2.0,0.0,0,3
43,10,1.0,0.0,1.0,0.0,6.0,6.0,2.0,0.0,7.0,1.0,0.0,4.0,3.0,0.0,3.0,3.0,0.0,4.0,2.0,0.0,4.0,2.0,0.0,0,3
43,11,1.0,0.0,1.0,0.0,6.0,6.0,2.0,0.0,7.0,1.0,0.0,4.0,3.0,0.0,3.0,3.0,0.0,4.0,2.0,0.0,4.0,2.0,0.0,0,3
44,0,8.0,4.0,4.0,0.0,6.0,7.0,1.0,0.0,8.0,1.0,0.0,6.0,1.0,0.0,5.0,3.0,0.0,4.0,1.0,0.0,7.0,2.0,0.0,0,3
44,1,8.0,4.0,4.0,0.0,6.0,7.0,1.0,0.0,8.0,1.0,0.0,6.0,1.0,0.0,5.0,3.0,0.0,4.0,1.0,0.0,7.0,2.0,0.0,0,3
44,2,6.0,3.0,3.0,0.0,6.0,7.0,1.0,0.0,8.0,1.0,0.0,6.0,1.0,0.0,3.0,5.0,0.0,4.0,1.0,0.0,7.0,2.0,0.0,0,3
44,3,6.0,3.0,3.0,0.0,6.0,7.0,1.0,0.0,8.0,1.0,0.0,6.0,1.0,0.0,3.0,5.0,0.0,4.0,1.0,0.0,7.0,2.0,0.0,0,3
44,4,1.0,0.0,1.0,0.0,6.0,7.0,1.0,0.0,8.0,1.0,0.0,1.0,6.0,0.0,3.0,5.0,0.0,4.0,1.0,0.0,7.0,2.0,0.0,0,3
44,5,1.0,0.0,1.0,0.0,6.0,7.0,1.0,0.0,8.0,1.0,0.0,1.0,6.0,0.0,3.0,5.0,0.0,4.0,1.0,0.0,7.0,2.0,0.0,0,3
44,6,1.0,0.0,1.0,0.0,6.0,7.0,1.0,0.0,8.0,1.0,0.0,1.0,6.0,0.0,3.0,5.0,0.0,4.0,1.0,0.0,7.0,2.0,0.0,0,3
44,7,1.0,0.0,1.0,0.0,6.0,7.0,1.0,0.0,8.0,1.0,0.0,1.0,6.0,0.0,3.0,5.0,0.0,4.0,1.0,0.0,7.0,2.0,0.0,0,3
44,8,1.0,0.0,1.0,0.0,6.0,7.0,1.0,0.0,8.0,1.0,0.0,1.0,6.0,0.0,3.0,5.0,0.0,4.0,1.0,0.0,7.0,2.0,0.0,0,3
44,9,1.0,0.0,1.0,0.0,6.0,7.0,1.0,0.0,8.0,1.0,0.0,1.0,6.0,0.0,3.0,5.0,0.0,4.0,1.0,0.0,7.0,2.0,0.0,0,3
44,10,1.0,0.0,1.0,0.0,6.0,7.0,1.0,0.0,8.0,1.0,0.0,1.0,6.0,0.0,3.0,5.0,0.0,4.0,1.0,0.0,7.0,2.0,0.0,0,3
44,11,1.0,0.0,1.0,0.0,6.0,7.0,1.0,0.0,8.0,1.0,0.0,1.0,6.0,0.0,3.0,5.0,0.0,4.0,1.0,0.0,7.0,2.0,0.0,0,3
45,0,4.0,0.0,0.0,4.0,6.0,3.0,1.0,0.0,2.0,1.0,0.0,7.0,0.0,0.0,11.0,1.0,0.0,4.0,1.0,0.0,5.0,1.0,0.0,1,3
45,1,4.0,0.0,0.0,4.0,6.0,3.0,1.0,0.0,2.0,1.0,0.0,7.0,0.0,0.0,11.0,1.0,0.0,4.0,1.0,0.0,5.0,1.0,0.0,1,3
45,2,4.0,0.0,0.0,4.0,6.0,3.0,1.0,0.0,2.0,1.0,0.0,7.0,0.0,0.0,11.0,1.0,0.0,4.0,1.0,0.0,5.0,1.0,0.0,1,3
45,3,4.0,0.0,0.0,4.0,6.0,3.0,1.0,0.0,2.0,1.0,0.0,7.0,0.0,0.0,11.0,1.0,0.0,4.0,1.0,0.0,5.0,1.0,0.0,1,3
45,4,4.0,0.0,0.0,4.0,6.0,3.0,1.0,0.0,2.0,1.0,0.0,7.0,0.0,0.0,11.0,1.0,0.0,4.0,1.0,0.0,5.0,1.0,0.0,1,3
45,5,4.0,0.0,0.0,4.0,6.0,3.0,1.0,0.0,2.0,1.0,0.0,7.0,0.0,0.0,11.0,1.0,0.0,4.0,1.0,0.0,5.0,1.0,0.0,1,3
45,6,4.0,0.0,0.0,4.0,6.0,3.0,1.0,0.0,2.0,1.0,0.0,7.0,0.0,0.0,11.0,1.0,0.0,4.0,1.0,0.0,5.0,1.0,0.0,1,3
45,7,4.0,0.0,0.0,4.0,6.0,3.0,1.0,0.0,2.0,1.0,0.0,7.0,0.0,0.0,11.0,1.0,0.0,4.0,1.0,0.0,5.0,1.0,0.0,1,3
45,8,4.0,0.0,0.0,4.0,6.0,3.0,1.0,0.0,2.0,1.0,0.0,7.0,0.0,0.0,11.0,1.0,0.0,4.0,1.0,0.0,5.0,1.0,0.0,1,3
45,9,4.0,0.0,0.0,4.0,6.0,3.0,1.0,0.0,2.0,1.0,0.0,7.0,0.0,0.0,11.0,1.0,0.0,4.0,1.0,0.0,5.0,1.0,0.0,1,3
45,10,4.0,0.0,0.0,4.0,6.0,3.0,1.0,0.0,2.0,1.0,0.0,7.0,0.0,0.0,11.0,1.0,0.0,4.0,1.0,0.0,5.0,1.0,0.0,1,3
45,11,4.0,0.0,0.0,4.0,6.0,3.0,1.0,0.0,2.0,1.0,0.0,7.0,0.0,0.0,11.0,1.0,0.0,4.0,1.0,0.0,5.0,1.0,0.0,1,3
46,0,2.0,0.0,0.0,2.0,6.0,3.0,2.0,0.0,3.0,2.0,0.0,12.0,5.0,0.0,15.0,0.0,0.0,10.0,2.0,0.0,9.0,5.0,0.0,0,3
46,1,2.0,0.0,0.0,2.0,6.0,3.0,2.0,0.0,3.0,2.0,0.0,12.0,5.0,0.0,15.0,0.0,0.0,10.0,2.0,0.0,9.0,5.0,0.0,0,3
46,2,2.0,0.0,0.0,2.0,6.0,3.0,2.0,0.0,3.0,2.0,0.0,12.0,5.0,0.0,15.0,0.0,0.0,10.0,2.0,0.0,9.0,5.0,0.0,0,3
46,3,2.0,0.0,0.0,2.0,6.0,3.0,2.0,0.0,3.0,2.0,0.0,12.0,5.0,0.0,15.0,0.0,0.0,10.0,2.0,0.0,9.0,5.0,0.0,0,3
46,4,0.0,0.0,0.0,0.0,6.0,3.0,2.0,0.0,3.0,2.0,0.0,10.0,7.0,0.0,15.0,0.0,0.0,10.0,2.0,0.0,9.0,5.0,0.0,0,3
46,5,0.0,0.0,0.0,0.0,6.0,3.0,2.0,0.0,3.0,2.0,0.0,10.0,7.0,0.0,15.0,0.0,0.0,10.0,2.0,0.0,9.0,5.0,0.0,0,3
46,6,0.0,0.0,0.0,0.0,6.0,3.0,2.0,0.0,3.0,2.0,0.0,10.0,7.0,0.0,15.0,0.0,0.0,10.0,2.0,0.0,9.0,5.0,0.0,0,3
46,7,0.0,0.0,0.0,0.0,6.0,3.0,2.0,0.0,3.0,2.0,0.0,10.0,7.0,0.0,15.0,0.0,0.0,10.0,2.0,0.0,9.0,5.0,0.0,0,3
46,8,0.0,0.0,0.0,0.0,6.0,3.0,2.0,0.0,3.0,2.0,0.0,10.0,7.0,0.0,15.0,0.0,0.0,10.0,2.0,0.0,9.0,5.0,0.0,0,3
46,9,0.0,0.0,0.0,0.0,6.0,3.0,2.0,0.0,3.0,2.0,0.0,10.0,7.0,0.0,15.0,0.0,0.0,10.0,2.0,0.0,9.0,5.0,0.0,0,3
46,10,0.0,0.0,0.0,0.0,6.0,3.0,2.0,0.0,3.0,2.0,0.0,10.0,7.0,0.0,15.0,0.0,0.0,10.0,2.0,0.0,9.0,5.0,0.0,0,3
46,11,0.0,0.0,0.0,0.0,6.0,3.0,2.0,0.0,3.0,2.0,0.0,10.0,7.0,0.0,15.0,0.0,0.0,10.0,2.0,0.0,9.0,5.0,0.0,0,3
47,0,2.0,1.0,1.0,0.0,6.0,9.0,3.0,0.0,7.0,5.0,0.0,8.0,1.0,0.0,7.0,2.0,0.0,6.0,1.0,0.0,5.0,3.0,0.0,0,3
47,1,2.0,1.0,1.0,0.0,6.0,9.0,3.0,0.0,7.0,5.0,0.0,8.0,1.0,0.0,7.0,2.0,0.0,6.0,1.0,0.0,5.0,3.0,0.0,0,3
47,2,2.0,1.0,1.0,0.0,6.0,9.0,3.0,0.0,7.0,5.0,0.0,8.0,1.0,0.0,7.0,2.0,0.0,6.0,1.0,0.0,5.0,3.0,0.0,0,3
47,3,2.0,1.0,1.0,0.0,6.0,9.0,3.0,0.0,7.0,5.0,0.0,8.0,1.0,0.0,7.0,2.0,0.0,6.0,1.0,0.0,5.0,3.0,0.0,0,3
47,4,2.0,1.0,1.0,0.0,6.0,9.0,3.0,0.0,7.0,5.0,0.0,8.0,1.0,0.0,7.0,2.0,0.0,6.0,1.0,0.0,5.0,3.0,0.0,0,3
47,5,1.0,0.0,1.0,0.0,6.0,9.0,3.0,0.0,7.0,5.0,0.0,8.0,1.0,0.0,7.0,2.0,0.0,6.0,1.0,0.0,4.0,4.0,0.0,0,3
47,6,1.0,0.0,1.0,0.0,6.0,9.0,3.0,0.0,7.0,5.0,0.0,8.0,1.0,0.0,7.0,2.0,0.0,6.0,1.0,0.0,4.0,4.0,0.0,0,3
47,7,1.0,0.0,1.0,0.0,6.0,9.0,3.0,0.0,7.0,5.0,0.0,8.0,1.0,0.0,7.0,2.0,0.0,6.0,1.0,0.0,4.0,4.0,0.0,0,3
47,8,1.0,0.0,1.0,0.0,6.0,9.0,3.0,0.0,7.0,5.0,0.0,8.0,1.0,0.0,7.0,2.0,0.0,6.0,1.0,0.0,4.0,4.0,0.0,0,3
47,9,1.0,0.0,1.0,0.0,6.0,9.0,3.0,0.0,7.0,5.0,0.0,8.0,1.0,0.0,7.0,2.0,0.0,6.0,1.0,0.0,4.0,4.0,0.0,0,3
47,10,1.0,0.0,1.0,0.0,6.0,9.0,3.0,0.0,7.0,5.0,0.0,8.0,1.0,0.0,7.0,2.0,0.0,6.0,1.0,0.0,4.0,4.0,0.0,0,3
47,11,1.0,0.0,1.0,0.0,6.0,9.0,3.0,0.0,7.0,5.0,0.0,8.0,1.0,0.0,7.0,2.0,0.0,6.0,1.0,0.0,4.0,4.0,0.0,0,3
48,0,9.0,2.0,5.0,2.0,6.0,7.0,2.0,0.0,5.0,1.0,0.0,3.0,1.0,0.0,9.0,0.0,0.0,11.0,7.0,0.0,6.0,1.0,0.0,1,3
48,1,2.0,0.0,2.0,0.0,6.0,4.0,5.0,0.0,5.0,1.0,0.0,3.0,1.0,0.0,9.0,0.0,0.0,11.0,7.0,0.0,2.0,5.0,0.0,1,3
48,2,2.0,0.0,2.0,0.0,6.0,4.0,5.0,0.0,5.0,1.0,0.0,3.0,1.0,0.0,9.0,0.0,0.0,11.0,7.0,0.0,2.0,5.0,0.0,1,3
48,3,2.0,0.0,2.0,0.0,6.0,4.0,5.0,0.0,5.0,1.0,0.0,3.0,1.0,0.0,9.0,0.0,0.0,11.0,7.0,0.0,2.0,5.0,0.0,1,3
48,4,2.0,0.0,2.0,0.0,6.0,4.0,5.0,0.0,5.0,1.0,0.0,3.0,1.0,0.0,9.0,0.0,0.0,11.0,7.0,0.0,2.0,5.0,0.0,1,3
48,5,2.0,0.0,2.0,0.0,6.0,4.0,5.0,0.0,5.0,1.0,0.0,3.0,1.0,0.0,9.0,0.0,0.0,11.0,7.0,0.0,2.0,5.0,0.0,1,3
48,6,2.0,0.0,2.0,0.0,6.0,4.0,5.0,0.0,5.0,1.0,0.0,3.0,1.0,0.0,9.0,0.0,0.0,11.0,7.0,0.0,2.0,5.0,0.0,1,3
48,7,2.0,0.0,2.0,0.0,6.0,4.0,5.0,0.0,5.0,1.0,0.0,3.0,1.0,0.0,9.0,0.0,0.0,11.0,7.0,0.0,2.0,5.0,0.0,1,3
48,8,2.0,0.0,2.0,0.0,6.0,4.0,5.0,0.0,5.0,1.0,0.0,3.0,1.0,0.0,9.0,0.0,0.0,11.0,7.0,0.0,2.0,5.0,0.0,1,3
48,9,2.0,0.0,2.0,0.0,6.0,4.0,5.0,0.0,5.0,1.0,0.0,3.0,1.0,0.0,9.0,0.0,0.0,11.0,7.0,0.0,2.0,5.0,0.0,1,3
48,10,2.0,0.0,2.0,0.0,6.0,4.0,5.0,0.0,5.0,1.0,0.0,3.0,1.0,0.0,9.0,0.0,0.0,11.0,7.0,0.0,2.0,5.0,0.0,1,3
48,11,2.0,0.0,2.0,0.0,6.0,4.0,5.0,0.0,5.0,1.0,0.0,3.0,1.0,0.0,9.0,0.0,0.0,11.0,7.0,0.0,2.0,5.0,0.0,1,3
49,0,7.0,2.0,5.0,0.0,6.0,7.0,1.0,0.0,7.0,2.0,0.0,11.0,3.0,0.0,4.0,2.0,0.0,6.0,0.0,0.0,10.0,3.0,0.0,0,3
49,1,5.0,2.0,3.0,0.0,6.0,5.0,3.0,0.0,7.0,2.0,0.0,11.0,3.0,0.0,4.0,2.0,0.0,6.0,0.0,0.0,10.0,3.0,0.0,0,3
49,2,5.0,2.0,3.0,0.0,6.0,5.0,3.0,0.0,7.0,2.0,0.0,11.0,3.0,0.0,4.0,2.0,0.0,6.0,0.0,0.0,10.0,3.0,0.0,0,3
49,3,5.0,2.0,3.0,0.0,6.0,5.0,3.0,0.0,7.0,2.0,0.0,11.0,3.0,0.0,4.0,2.0,0.0,6.0,0.0,0.0,10.0,3.0,0.0,0,3
49,4,5.0,2.0,3.0,0.0,6.0,5.0,3.0,0.0,7.0,2.0,0.0,11.0,3.0,0.0,4.0,2.0,0.0,6.0,0.0,0.0,10.0,3.0,0.0,0,3
49,5,5.0,2.0,3.0,0.0,6.0,5.0,3.0,0.0,7.0,2.0,0.0,11.0,3.0,0.0,4.0,2.0,0.0,6.0,0.0,0.0,10.0,3.0,0.0,0,3
49,6,5.0,2.0,3.0,0.0,6.0,5.0,3.0,0.0,7.0,2.0,0.0,11.0,3.0,0.0,4.0,2.0,0.0,6.0,0.0,0.0,10.0,3.0,0.0,0,3
49,7,5.0,2.0,3.0,0.0,6.0,5.0,3.0,0.0,7.0,2.0,0.0,11.0,3.0,0.0,4.0,2.0,0.0,6.0,0.0,0.0,10.0,3.0,0.0,0,3
49,8,5.0,2.0,3.0,0.0,6.0,5.0,3.0,0.0,7.0,2.0,0.0,11.0,3.0,0.0,4.0,2.0,0.0,6.0,0.0,0.0,10.0,3.0,0.0,0,3
49,9,5.0,2.0,3.0,0.0,6.0,5.0,3.0,0.0,7.0,2.0,0.0,11.0,3.0,0.0,4.0,2.0,0.0,6.0,0.0,0.0,10.0,3.0,0.0,0,3
49,10,5.0,2.0,3.0,0.0,6.0,5.0,3.0,0.0,7.0,2.0,0.0,11.0,3.0,0.0,4.0,2.0,0.0,6.0,0.0,0.0,10.0,3.0,0.0,0,3
49,11,5.0,2.0,3.0,0.0,6.0,5.0,3.0,0.0,7.0,2.0,0.0,11.0,3.0,0.0,4.0,2.0,0.0,6.0,0.0,0.0,10.0,3.0,0.0,0,3
50,0,2.0,2.0,0.0,0.0,6.0,11.0,3.0,0.0,12.0,4.0,0.0,6.0,1.0,0.0,11.0,4.0,0.0,12.0,3.0,0.0,12.0,4.0,0.0,0,3
50,1,2.0,2.0,0.0,0.0,6.0,11.0,3.0,0.0,12.0,4.0,0.0,6.0,1.0,0.0,11.0,4.0,0.0,12.0,3.0,0.0,12.0,4.0,0.0,0,3
50,2,2.0,2.0,0.0,0.0,6.0,11.0,3.0,0.0,12.0,4.0,0.0,6.0,1.0,0.0,11.0,4.0,0.0,12.0,3.0,0.0,12.0,4.0,0.0,0,3
50,3,2.0,2.0,0.0,0.0,6.0,11.0,3.0,0.0,12.0,4.0,0.0,6.0,1.0,0.0,11.0,4.0,0.0,12.0,3.0,0.0,12.0,4.0,0.0,0,3
50,4,2.0,2.0,0.0,0.0,6.0,11.0,3.0,0.0,12.0,4.0,0.0,6.0,1.0,0.0,11.0,4.0,0.0,12.0,3.0,0.0,12.0,4.0,0.0,0,3
50,5,2.0,2.0,0.0,0.0,6.0,11.0,3.0,0.0,12.0,4.0,0.0,6.0,1.0,0.0,11.0,4.0,0.0,12.0,3.0,0.0,12.0,4.0,0.0,0,3
50,6,2.0,2.0,0.0,0.0,6.0,11.0,3.0,0.0,12.0,4.0,0.0,6.0,1.0,0.0,11.0,4.0,0.0,12.0,3.0,0.0,12.0,4.0,0.0,0,3
50,7,2.0,2.0,0.0,0.0,6.0,11.0,3.0,0.0,12.0,4.0,0.0,6.0,1.0,0.0,11.0,4.0,0.0,12.0,3.0,0.0,12.0,4.0,0.0,0,3
50,8,2.0,2.0,0.0,0.0,6.0,11.0,3.0,0.0,12.0,4.0,0.0,6.0,1.0,0.0,11.0,4.0,0.0,12.0,3.0,0.0,12.0,4.0,0.0,0,3
50,9,2.0,2.0,0.0,0.0,6.0,11.0,3.0,0.0,12.0,4.0,0.0,6.0,1.0,0.0,11.0,4.0,0.0,12.0,3.0,0.0,12.0,4.0,0.0,0,3
50,10,2.0,2.0,0.0,0.0,6.0,11.0,3.0,0.0,12.0,4.0,0.0,6.0,1.0,0.0,11.0,4.0,0.0,12.0,3.0,0.0,12.0,4.0,0.0,0,3
50,11,2.0,2.0,0.0,0.0,6.0,11.0,3.0,0.0,12.0,4.0,0.0,6.0,1.0,0.0,11.0,4.0,0.0,12.0,3.0,0.0,12.0,4.0,0.0,0,3
51,0,6.0,0.0,1.0,5.0,6.0,8.0,1.0,0.0,5.0,0.0,0.0,8.0,3.0,0.0,8.0,3.0,0.0,5.0,3.0,0.0,10.0,1.0,0.0,1,3
51,1,6.0,0.0,1.0,5.0,6.0,8.0,1.0,0.0,5.0,0.0,0.0,8.0,3.0,0.0,8.0,3.0,0.0,5.0,3.0,0.0,10.0,1.0,0.0,1,3
51,2,6.0,0.0,1.0,5.0,6.0,8.0,1.0,0.0,5.0,0.0,0.0,8.0,3.0,0.0,8.0,3.0,0.0,5.0,3.0,0.0,10.0,1.0,0.0,1,3
51,3,6.0,0.0,1.0,5.0,6.0,8.0,1.0,0.0,5.0,0.0,0.0,8.0,3.0,0.0,8.0,3.0,0.0,5.0,3.0,0.0,10.0,1.0,0.0,1,3
51,4,4.0,0.0,0.0,4.0,6.0,8.0,1.0,0.0,5.0,0.0,0.0,8.0,3.0,0.0,8.0,3.0,0.0,3.0,5.0,0.0,10.0,1.0,0.0,1,3
51,5,4.0,0.0,0.0,4.0,6.0,8.0,1.0,0.0,5.0,0.0,0.0,8.0,3.0,0.0,8.0,3.0,0.0,3.0,5.0,0.0,10.0,1.0,0.0,1,3
51,6,4.0,0.0,0.0,4.0,6.0,8.0,1.0,0.0,5.0,0.0,0.0,8.0,3.0,0.0,8.0,3.0,0.0,3.0,5.0,0.0,10.0,1.0,0.0,1,3
51,7,4.0,0.0,0.0,4.0,6.0,8.0,1.0,0.0,5.0,0.0,0.0,8.0,3.0,0.0,8.0,3.0,0.0,3.0,5.0,0.0,10.0,1.0,0.0,1,3
51,8,4.0,0.0,0.0,4.0,6.0,8.0,1.0,0.0,5.0,0.0,0.0,8.0,3.0,0.0,8.0,3.0,0.0,3.0,5.0,0.0,10.0,1.0,0.0,1,3
51,9,4.0,0.0,0.0,4.0,6.0,8.0,1.0,0.0,5.0,0.0,0.0,8.0,3.0,0.0,8.0,3.0,0.0,3.0,5.0,0.0,10.0,1.0,0.0,1,3
51,10,4.0,0.0,0.0,4.0,6.0,8.0,1.0,0.0,5.0,0.0,0.0,8.0,3.0,0.0,8.0,3.0,0.0,3.0,5.0,0.0,10.0,1.0,0.0,1,3
51,11,4.0,0.0,0.0,4.0,6.0,8.0,1.0,0.0,5.0,0.0,0.0,8.0,3.0,0.0,8.0,3.0,0.0,3.0,5.0,0.0,10.0,1.0,0.0,1,3
52,0,8.0,1.0,3.0,4.0,6.0,10.0,3.0,0.0,3.0,2.0,0.0,8.0,1.0,0.0,12.0,1.0,0.0,12.0,2.0,0.0,9.0,3.0,0.0,0,3
52,1,5.0,0.0,2.0,3.0,6.0,7.0,6.0,0.0,3.0,2.0,0.0,8.0,1.0,0.0,12.0,1.0,0.0,12.0,2.0,0.0,9.0,3.0,0.0,0,3
52,2,3.0,0.0,1.0,2.0,6.0,7.0,6.0,0.0,1.0,4.0,0.0,8.0,1.0,0.0,12.0,1.0,0.0,12.0,2.0,0.0,9.0,3.0,0.0,0,3
52,3,3.0,0.0,1.0,2.0,6.0,7.0,6.0,0.0,1.0,4.0,0.0,8.0,1.0,0.0,12.0,1.0,0.0,12.0,2.0,0.0,9.0,3.0,0.0,0,3
52,4,1.0,0.0,1.0,0.0,6.0,7.0,6.0,0.0,1.0,4.0,0.0,8.0,1.0,0.0,12.0,1.0,0.0,12.0,2.0,0.0,7.0,5.0,0.0,0,3
52,5,1.0,0.0,1.0,0.0,6.0,7.0,6.0,0.0,1.0,4.0,0.0,8.0,1.0,0.0,12.0,1.0,0.0,12.0,2.0,0.0,7.0,5.0,0.0,0,3
52,6,1.0,0.0,1.0,0.0,6.0,7.0,6.0,0.0,1.0,4.0,0.0,8.0,1.0,0.0,12.0,1.0,0.0,12.0,2.0,0.0,7.0,5.0,0.0,0,3
52,7,1.0,0.0,1.0,0.0,6.0,7.0,6.0,0.0,1.0,4.0,0.0,8.0,1.0,0.0,12.0,1.0,0.0,12.0,2.0,0.0,7.0,5.0,0.0,0,3
52,8,1.0,0.0,1.0,0.0,6.0,7.0,6.0,0.0,1.0,4.0,0.0,8.0,1.0,0.0,12.0,1.0,0.0,12.0,2.0,0.0,7.0,5.0,0.0,0,3
52,9,1.0,0.0,1.0,0.0,6.0,7.0,6.0,0.0,1.0,4.0,0.0,8.0,1.0,0.0,12.0,1.0,0.0,12.0,2.0,0.0,7.0,5.0,0.0,0,3
52,10,1.0,0.0,1.0,0.0,6.0,7.0,6.0,0.0,1.0,4.0,0.0,8.0,1.0,0.0,12.0,1.0,0.0,12.0,2.0,0.0,7.0,5.0,0.0,0,3
52,11,1.0,0.0,1.0,0.0,6.0,7.0,6.0,0.0,1.0,4.0,0.0,8.0,1.0,0.0,12.0,1.0,0.0,12.0,2.0,0.0,7.0,5.0,0.0,0,3
53,0,9.0,3.0,0.0,6.0,6.0,4.0,1.0,0.0,13.0,2.0,0.0,10.0,2.0,0.0,7.0,2.0,0.0,3.0,1.0,0.0,5.0,3.0,0.0,0,3
53,1,9.0,3.0,0.0,6.0,6.0,4.0,1.0,0.0,13.0,2.0,0.0,10.0,2.0,0.0,7.0,2.0,0.0,3.0,1.0,0.0,5.0,3.0,0.0,0,3
53,2,9.0,3.0,0.0,6.0,6.0,4.0,1.0,0.0,13.0,2.0,0.0,10.0,2.0,0.0,7.0,2.0,0.0,3.0,1.0,0.0,5.0,3.0,0.0,0,3
53,3,9.0,3.0,0.0,6.0,6.0,4.0,1.0,0.0,13.0,2.0,0.0,10.0,2.0,0.0,7.0,2.0,0.0,3.0,1.0,0.0,5.0,3.0,0.0,0,3
53,4,9.0,3.0,0.0,6.0,6.0,4.0,1.0,0.0,13.0,2.0,0.0,10.0,2.0,0.0,7.0,2.0,0.0,3.0,1.0,0.0,5.0,3.0,0.0,0,3
53,5,9.0,3.0,0.0,6.0,6.0,4.0,1.0,0.0,13.0,2.0,0.0,10.0,2.0,0.0,7.0,2.0,0.0,3.0,1.0,0.0,5.0,3.0,0.0,0,3
53,6,9.0,3.0,0.0,6.0,6.0,4.0,1.0,0.0,13.0,2.0,0.0,10.0,2.0,0.0,7.0,2.0,0.0,3.0,1.0,0.0,5.0,3.0,0.0,0,3
53,7,9.0,3.0,0.0,6.0,6.0,4.0,1.0,0.0,13.0,2.0,0.0,10.0,2.0,0.0,7.0,2.0,0.0,3.0,1.0,0.0,5.0,3.0,0.0,0,3
53,8,9.0,3.0,0.0,6.0,6.0,4.0,1.0,0.0,13.0,2.0,0.0,10.0,2.0,0.0,7.0,2.0,0.0,3.0,1.0,0.0,5.0,3.0,0.0,0,3
53,9,9.0,3.0,0.0,6.0,6.0,4.0,1.0,0.0,13.0,2.0,0.0,10.0,2.0,0.0,7.0,2.0,0.0,3.0,1.0,0.0,5.0,3.0,0.0,0,3
53,10,9.0,3.0,0.0,6.0,6.0,4.0,1.0,0.0,13.0,2.0,0.0,10.0,2.0,0.0,7.0,2.0,0.0,3.0,1.0,0.0,5.0,3.0,0.0,0,3
53,11,9.0,3.0,0.0,6.0,6.0,4.0,1.0,0.0,13.0,2.0,0.0,10.0,2.0,0.0,7.0,2.0,0.0,3.0,1.0,0.0,5.0,3.0,0.0,0,3
54,0,5.0,1.0,2.0,2.0,6.0,3.0,0.0,0.0,9.0,2.0,0.0,4.0,2.0,0.0,8.0,4.0,0.0,7.0,0.0,0.0,7.0,1.0,0.0,1,3
54,1,2.0,0.0,1.0,1.0,6.0,0.0,3.0,0.0,9.0,2.0,0.0,4.0,2.0,0.0,8.0,4.0,0.0,7.0,0.0,0.0,7.0,1.0,0.0,1,3
54,2,2.0,0.0,1.0,1.0,6.0,0.0,3.0,0.0,9.0,2.0,0.0,4.0,2.0,0.0,8.0,4.0,0.0,7.0,0.0,0.0,7.0,1.0,0.0,1,3
54,3,2.0,0.0,1.0,1.0,6.0,0.0,3.0,0.0,9.0,2.0,0.0,4.0,2.0,0.0,8.0,4.0,0.0,7.0,0.0,0.0,7.0,1.0,0.0,1,3
54,4,2.0,0.0,1.0,1.0,6.0,0.0,3.0,0.0,9.0,2.0,0.0,4.0,2.0,0.0,8.0,4.0,0.0,7.0,0.0,0.0,7.0,1.0,0.0,1,3
54,5,2.0,0.0,1.0,1.0,6.0,0.0,3.0,0.0,9.0,2.0,0.0,4.0,2.0,0.0,8.0,4.0,0.0,7.0,0.0,0.0,7.0,1.0,0.0,1,3
54,6,0.0,0.0,0.0,0.0,6.0,0.0,3.0,0.0,9.0,2.0,0.0,2.0,4.0,0.0,8.0,4.0,0.0,7.0,0.0,0.0,7.0,1.0,0.0,1,3
54,7,0.0,0.0,0.0,0.0,6.0,0.0,3.0,0.0,9.0,2.0,0.0,2.0,4.0,0.0,8.0,4.0,0.0,7.0,0.0,0.0,7.0,1.0,0.0,1,3
54,8,0.0,0.0,0.0,0.0,6.0,0.0,3.0,0.0,9.0,2.0,0.0,2.0,4.0,0.0,8.0,4.0,0.0,7.0,0.0,0.0,7.0,1.0,0.0,1,3
54,9,0.0,0.0,0.0,0.0,6.0,0.0,3.0,0.0,9.0,2.0,0.0,2.0,4.0,0.0,8.0,4.0,0.0,7.0,0.0,0.0,7.0,1.0,0.0,1,3
54,10,0.0,0.0,0.0,0.0,6.0,0.0,3.0,0.0,9.0,2.0,0.0,2.0,4.0,0.0,8.0,4.0,0.0,7.0,0.0,0.0,7.0,1.0,0.0,1,3
54,11,0.0,0.0,0.0,0.0,6.0,0.0,3.0,0.0,9.0,2.0,0.0,2.0,4.0,0.0,8.0,4.0,0.0,7.0,0.0,0.0,7.0,1.0,0.0,1,3
55,0,4.0,0.0,1.0,3.0,6.0,5.0,1.0,0.0,4.0,2.0,0.0,4.0,2.0,0.0,7.0,2.0,0.0,9.0,1.0,0.0,10.0,3.0,0.0,0,3
55,1,4.0,0.0,1.0,3.0,6.0,5.0,1.0,0.0,4.0,2.0,0.0,4.0,2.0,0.0,7.0,2.0,0.0,9.0,1.0,0.0,10.0,3.0,0.0,0,3
55,2,4.0,0.0,1.0,3.0,6.0,5.0,1.0,0.0,4.0,2.0,0.0,4.0,2.0,0.0,7.0,2.0,0.0,9.0,1.0,0.0,10.0,3.0,0.0,0,3
55,3,4.0,0.0,1.0,3.0,6.0,5.0,1.0,0.0,4.0,2.0,0.0,4.0,2.0,0.0,7.0,2.0,0.0,9.0,1.0,0.0,10.0,3.0,0.0,0,3
55,4,4.0,0.0,1.0,3.0,6.0,5.0,1.0,0.0,4.0,2.0,0.0,4.0,2.0,0.0,7.0,2.0,0.0,9.0,1.0,0.0,10.0,3.0,0.0,0,3
55,5,4.0,0.0,1.0,3.0,6.0,5.0,1.0,0.0,4.0,2.0,0.0,4.0,2.0,0.0,7.0,2.0,0.0,9.0,1.0,0.0,10.0,3.0,0.0,0,3
55,6,4.0,0.0,1.0,3.0,6.0,5.0,1.0,0.0,4.0,2.0,0.0,4.0,2.0,0.0,7.0,2.0,0.0,9.0,1.0,0.0,10.0,3.0,0.0,0,3
55,7,4.0,0.0,1.0,3.0,6.0,5.0,1.0,0.0,4.0,2.0,0.0,4.0,2.0,0.0,7.0,2.0,0.0,9.0,1.0,0.0,10.0,3.0,0.0,0,3
55,8,4.0,0.0,1.0,3.0,6.0,5.0,1.0,0.0,4.0,2.0,0.0,4.0,2.0,0.0,7.0,2.0,0.0,9.0,1.0,0.0,10.0,3.0,0.0,0,3
55,9,4.0,0.0,1.0,3.0,6.0,5.0,1.0,0.0,4.0,2.0,0.0,4.0,2.0,0.0,7.0,2.0,0.0,9.0,1.0,0.0,10.0,3.0,0.0,0,3
55,10,4.0,0.0,1.0,3.0,6.0,5.0,1.0,0.0,4.0,2.0,0.0,4.0,2.0,0.0,7.0,2.0,0.0,9.0,1.0,0.0,10.0,3.0,0.0,0,3
55,11,4.0,0.0,1.0,3.0,6.0,5.0,1.0,0.0,4.0,2.0,0.0,4.0,2.0,0.0,7.0,2.0,0.0,9.0,1.0,0.0,10.0,3.0,0.0,0,3
56,0,6.0,1.0,3.0,2.0,6.0,6.0,1.0,0.0,6.0,1.0,0.0,4.0,0.0,0.0,6.0,2.0,0.0,5.0,2.0,0.0,4.0,2.0,0.0,0,3
56,1,2.0,0.0,2.0,0.0,6.0,3.0,4.0,0.0,6.0,1.0,0.0,4.0,0.0,0.0,5.0,3.0,0.0,5.0,2.0,0.0,4.0,2.0,0.0,0,3
56,2,1.0,0.0,1.0,0.0,6.0,3.0,4.0,0.0,6.0,1.0,0.0,4.0,0.0,0.0,5.0,3.0,0.0,4.0,3.0,0.0,4.0,2.0,0.0,0,3
56,3,1.0,0.0,1.0,0.0,6.0,3.0,4.0,0.0,6.0,1.0,0.0,4.0,0.0,0.0,5.0,3.0,0.0,4.0,3.0,0.0,4.0,2.0,0.0,0,3
56,4,1.0,0.0,1.0,0.0,6.0,3.0,4.0,0.0,6.0,1.0,0.0,4.0,0.0,0.0,5.0,3.0,0.0,4.0,3.0,0.0,4.0,2.0,0.0,0,3
56,5,1.0,0.0,1.0,0.0,6.0,3.0,4.0,0.0,6.0,1.0,0.0,4.0,0.0,0.0,5.0,3.0,0.0,4.0,3.0,0.0,4.0,2.0,0.0,0,3
56,6,1.0,0.0,1.0,0.0,6.0,3.0,4.0,0.0,6.0,1.0,0.0,4.0,0.0,0.0,5.0,3.0,0.0,4.0,3.0,0.0,4.0,2.0,0.0,0,3
56,7,1.0,0.0,1.0,0.0,6.0,3.0,4.0,0.0,6.0,1.0,0.0,4.0,0.0,0.0,5.0,3.0,0.0,4.0,3.0,0.0,4.0,2.0,0.0,0,3
56,8,1.0,0.0,1.0,0.0,6.0,3.0,4.0,0.0,6.0,1.0,0.0,4.0,0.0,0.0,5.0,3.0,0.0,4.0,3.0,0.0,4.0,2.0,0.0,0,3
56,9,1.0,0.0,1.0,0.0,6.0,3.0,4.0,0.0,6.0,1.0,0.0,4.0,0.0,0.0,5.0,3.0,0.0,4.0,3.0,0.0,4.0,2.0,0.0,0,3
56,10,1.0,0.0,1.0,0.0,6.0,3.0,4.0,0.0,6.0,1.0,0.0,4.0,0.0,0.0,5.0,3.0,0.0,4.0,3.0,0.0,4.0,2.0,0.0,0,3
56,11,1.0,0.0,1.0,0.0,6.0,3.0,4.0,0.0,6.0,1.0,0.0,4.0,0.0,0.0,5.0,3.0,0.0,4.0,3.0,0.0,4.0,2.0,0.0,0,3
57,0,7.0,0.0,2.0,5.0,6.0,7.0,5.0,0.0,5.0,1.0,0.0,15.0,1.0,0.0,5.0,2.0,0.0,5.0,2.0,0.0,10.0,2.0,0.0,1,3
57,1,4.0,0.0,1.0,3.0,6.0,7.0,5.0,0.0,5.0,1.0,0.0,15.0,1.0,0.0,5.0,2.0,0.0,5.0,2.0,0.0,7.0,5.0,0.0,1,3
57,2,3.0,0.0,0.0,3.0,6.0,7.0,5.0,0.0,5.0,1.0,0.0,15.0,1.0,0.0,4.0,3.0,0.0,5.0,2.0,0.0,7.0,5.0,0.0,1,3
57,3,3.0,0.0,0.0,3.0,6.0,7.0,5.0,0.0,5.0,1.0,0.0,15.0,1.0,0.0,4.0,3.0,0.0,5.0,2.0,0.0,7.0,5.0,0.0,1,3
57,4,3.0,0.0,0.0,3.0,6.0,7.0,5.0,0.0,5.0,1.0,0.0,15.0,1.0,0.0,4.0,3.0,0.0,5.0,2.0,0.0,7.0,5.0,0.0,1,3
57,5,3.0,0.0,0.0,3.0,6.0,7.0,5.0,0.0,5.0,1.0,0.0,15.0,1.0,0.0,4.0,3.0,0.0,5.0,2.0,0.0,7.0,5.0,0.0,1,3
57,6,3.0,0.0,0.0,3.0,6.0,7.0,5.0,0.0,5.0,1.0,0.0,15.0,1.0,0.0,4.0,3.0,0.0,5.0,2.0,0.0,7.0,5.0,0.0,1,3
57,7,3.0,0.0,0.0,3.0,6.0,7.0,5.0,0.0,5.0,1.0,0.0,15.0,1.0,0.0,4.0,3.0,0.0,5.0,2.0,0.0,7.0,5.0,0.0,1,3
57,8,3.0,0.0,0.0,3.0,6.0,7.0,5.0,0.0,5.0,1.0,0.0,15.0,1.0,0.0,4.0,3.0,0.0,5.0,2.0,0.0,7.0,5.0,0.0,1,3
57,9,3.0,0.0,0.0,3.0,6.0,7.0,5.0,0.0,5.0,1.0,0.0,15.0,1.0,0.0,4.0,3.0,0.0,5.0,2.0,0.0,7.0,5.0,0.0,1,3
57,10,3.0,0.0,0.0,3.0,6.0,7.0,5.0,0.0,5.0,1.0,0.0,15.0,1.0,0.0,4.0,3.0,0.0,5.0,2.0,0.0,7.0,5.0,0.0,1,3
57,11,3.0,0.0,0.0,3.0,6.0,7.0,5.0,0.0,5.0,1.0,0.0,15.0,1.0,0.0,4.0,3.0,0.0,5.0,2.0,0.0,7.0,5.0,0.0,1,3
58,0,3.0,0.0,3.0,0.0,6.0,7.0,1.0,0.0,6.0,2.0,0.0,7.0,2.0,0.0,7.0,2.0,0.0,5.0,3.0,0.0,7.0,1.0,0.0,0,3
58,1,3.0,0.0,3.0,0.0,6.0,7.0,1.0,0.0,6.0,2.0,0.0,7.0,2.0,0.0,7.0,2.0,0.0,5.0,3.0,0.0,7.0,1.0,0.0,0,3
58,2,3.0,0.0,3.0,0.0,6.0,7.0,1.0,0.0,6.0,2.0,0.0,7.0,2.0,0.0,7.0,2.0,0.0,5.0,3.0,0.0,7.0,1.0,0.0,0,3
58,3,3.0,0.0,3.0,0.0,6.0,7.0,1.0,0.0,6.0,2.0,0.0,7.0,2.0,0.0,7.0,2.0,0.0,5.0,3.0,0.0,7.0,1.0,0.0,0,3
58,4,3.0,0.0,3.0,0.0,6.0,7.0,1.0,0.0,6.0,2.0,0.0,7.0,2.0,0.0,7.0,2.0,0.0,5.0,3.0,0.0,7.0,1.0,0.0,0,3
58,5,3.0,0.0,3.0,0.0,6.0,7.0,1.0,0.0,6.0,2.0,0.0,7.0,2.0,0.0,7.0,2.0,0.0,5.0,3.0,0.0,7.0,1.0,0.0,0,3
58,6,3.0,0.0,3.0,0.0,6.0,7.0,1.0,0.0,6.0,2.0,0.0,7.0,2.0,0.0,7.0,2.0,0.0,5.0,3.0,0.0,7.0,1.0,0.0,0,3
58,7,3.0,0.0,3.0,0.0,6.0,7.0,1.0,0.0,6.0,2.0,0.0,7.0,2.0,0.0,7.0,2.0,0.0,5.0,3.0,0.0,7.0,1.0,0.0,0,3
58,8,3.0,0.0,3.0,0.0,6.0,7.0,1.0,0.0,6.0,2.0,0.0,7.0,2.0,0.0,7.0,2.0,0.0,5.0,3.0,0.0,7.0,1.0,0.0,0,3
58,9,3.0,0.0,3.0,0.0,6.0,7.0,1.0,0.0,6.0,2.0,0.0,7.0,2.0,0.0,7.0,2.0,0.0,5.0,3.0,0.0,7.0,1.0,0.0,0,3
58,10,3.0,0.0,3.0,0.0,6.0,7.0,1.0,0.0,6.0,2.0,0.0,7.0,2.0,0.0,7.0,2.0,0.0,5.0,3.0,0.0,7.0,1.0,0.0,0,3
58,11,3.0,0.0,3.0,0.0,6.0,7.0,1.0,0.0,6.0,2.0,0.0,7.0,2.0,0.0,7.0,2.0,0.0,5.0,3.0,0.0,7.0,1.0,0.0,0,3
59,0,5.0,1.0,2.0,2.0,6.0,3.0,0.0,0.0,7.0,4.0,0.0,8.0,2.0,0.0,8.0,1.0,0.0,4.0,1.0,0.0,7.0,1.0,0.0,0,3
59,1,2.0,0.0,1.0,1.0,6.0,0.0,3.0,0.0,7.0,4.0,0.0,8.0,2.0,0.0,8.0,1.0,0.0,4.0,1.0,0.0,7.0,1.0,0.0,0,3
59,2,2.0,0.0,1.0,1.0,6.0,0.0,3.0,0.0,7.0,4.0,0.0,8.0,2.0,0.0,8.0,1.0,0.0,4.0,1.0,0.0,7.0,1.0,0.0,0,3
59,3,2.0,0.0,1.0,1.0,6.0,0.0,3.0,0.0,7.0,4.0,0.0,8.0,2.0,0.0,8.0,1.0,0.0,4.0,1.0,0.0,7.0,1.0,0.0,0,3
59,4,2.0,0.0,1.0,1.0,6.0,0.0,3.0,0.0,7.0,4.0,0.0,8.0,2.0,0.0,8.0,1.0,0.0,4.0,1.0,0.0,7.0,1.0,0.0,0,3
59,5,1.0,0.0,0.0,1.0,6.0,0.0,3.0,0.0,7.0,4.0,0.0,7.0,3.0,0.0,8.0,1.0,0.0,4.0,1.0,0.0,7.0,1.0,0.0,0,3
59,6,1.0,0.0,0.0,1.0,6.0,0.0,3.0,0.0,7.0,4.0,0.0,7.0,3.0,0.0,8.0,1.0,0.0,4.0,1.0,0.0,7.0,1.0,0.0,0,3
59,7,1.0,0.0,0.0,1.0,6.0,0.0,3.0,0.0,7.0,4.0,0.0,7.0,3.0,0.0,8.0,1.0,0.0,4.0,1.0,0.0,7.0,1.0,0.0,0,3
59,8,1.0,0.0,0.0,1.0,6.0,0.0,3.0,0.0,7.0,4.0,0.0,7.0,3.0,0.0,8.0,1.0,0.0,4.0,1.0,0.0,7.0,1.0,0.0,0,3
59,9,1.0,0.0,0.0,1.0,6.0,0.0,3.0,0.0,7.0,4.0,0.0,7.0,3.0,0.0,8.0,1.0,0.0,4.0,1.0,0.0,7.0,1.0,0.0,0,3
59,10,1.0,0.0,0.0,1.0,6.0,0.0,3.0,0.0,7.0,4.0,0.0,7.0,3.0,0.0,8.0,1.0,0.0,4.0,1.0,0.0,7.0,1.0,0.0,0,3
59,11,1.0,0.0,0.0,1.0,6.0,0.0,3.0,0.0,7.0,4.0,0.0,7.0,3.0,0.0,8.0,1.0,0.0,4.0,1.0,0.0,7.0,1.0,0.0,0,3
